"nama_gudang","kota","negara","nama_pemasok","asal_pemasok","kategori","total_stok_fisik","total_valuasi_rupiah"
"Brasilia Distribution Hub","Brasilia","Global","N/A / Initial Seed","-","Mobile Devices","21905","17633207.76"
"Jurong Distribution Hub","Jurong","Global","N/A / Initial Seed","-","Mobile Devices","21376","17389314.35"
"Marseille Distribution Hub","Marseille","Global","N/A / Initial Seed","-","Mobile Devices","20939","16151299.17"
"Melbourne Distribution Hub","Melbourne","Global","N/A / Initial Seed","-","Mobile Devices","19406","15515939.28"
"Toronto Distribution Hub","Toronto","Global","N/A / Initial Seed","-","Computing & Servers","18963","15282921.20"
"Abu Dhabi Distribution Hub","Abu Dhabi","Global","N/A / Initial Seed","-","Mobile Devices","19751","15279651.12"
"Berlin Distribution Hub","Berlin","Global","N/A / Initial Seed","-","Mobile Devices","18640","15215697.63"
"Leeds Distribution Hub","Leeds","Global","N/A / Initial Seed","-","Mobile Devices","19280","15192821.89"
"Amsterdam Distribution Hub","Amsterdam","Global","N/A / Initial Seed","-","Mobile Devices","19306","15166524.68"
"Sao Paulo Distribution Hub","Sao Paulo","Global","N/A / Initial Seed","-","Computing & Servers","18550","15096577.50"
"Medan Distribution Hub","Medan","Indonesia","N/A / Initial Seed","-","Mobile Devices","16986","15059321.43"
"Brisbane Distribution Hub","Brisbane","Global","N/A / Initial Seed","-","Mobile Devices","18923","15039291.55"
"Hamburg Distribution Hub","Hamburg","Global","N/A / Initial Seed","-","Mobile Devices","19237","14988938.59"
"Sao Paulo Distribution Hub","Sao Paulo","Global","N/A / Initial Seed","-","Mobile Devices","18074","14953875.09"
"Amsterdam Distribution Hub","Amsterdam","Global","N/A / Initial Seed","-","Computing & Servers","20124","14927250.82"
"Abu Dhabi Distribution Hub","Abu Dhabi","Global","N/A / Initial Seed","-","Computing & Servers","19373","14892194.84"
"Los Angeles Distribution Hub","Los Angeles","United States","N/A / Initial Seed","-","Mobile Devices","18910","14840663.88"
"New York Distribution Hub","New York","United States","N/A / Initial Seed","-","Computing & Servers","19077","14821607.11"
"Houston Distribution Hub","Houston","United States","N/A / Initial Seed","-","Computing & Servers","18477","14708251.61"
"Rio de Janeiro Distribution Hub","Rio de Janeiro","Global","N/A / Initial Seed","-","Mobile Devices","17478","14611880.29"
"Rio de Janeiro Distribution Hub","Rio de Janeiro","Global","N/A / Initial Seed","-","Gaming Console & Accs","18370","14482242.55"
"Montreal Distribution Hub","Montreal","Global","N/A / Initial Seed","-","Mobile Devices","18624","14375181.17"
"Singapore Central Distribution Hub","Singapore Central","Global","N/A / Initial Seed","-","Mobile Devices","16747","14307831.76"
"Vancouver Distribution Hub","Vancouver","Global","N/A / Initial Seed","-","Mobile Devices","17804","14278784.74"
"Montreal Distribution Hub","Montreal","Global","N/A / Initial Seed","-","Gaming Console & Accs","17144","14147445.39"
"New York Distribution Hub","New York","United States","N/A / Initial Seed","-","Gaming Console & Accs","15910","13932210.33"
"Singapore Central Distribution Hub","Singapore Central","Global","N/A / Initial Seed","-","Computing & Servers","18697","13897343.31"
"Singapore Central Distribution Hub","Singapore Central","Global","N/A / Initial Seed","-","Gaming Console & Accs","18109","13856610.29"
"Brasilia Distribution Hub","Brasilia","Global","N/A / Initial Seed","-","Electronics","16825","13854399.41"
"Fukuoka Distribution Hub","Fukuoka","Global","N/A / Initial Seed","-","Gaming Console & Accs","17215","13814382.78"
"Jurong Distribution Hub","Jurong","Global","N/A / Initial Seed","-","Gaming Console & Accs","17781","13774024.38"
"Delhi Distribution Hub","Delhi","Global","N/A / Initial Seed","-","Computing & Servers","18062","13774019.28"
"Incheon Distribution Hub","Incheon","Global","N/A / Initial Seed","-","Electronics","17091","13772381.68"
"Incheon Distribution Hub","Incheon","Global","N/A / Initial Seed","-","Mobile Devices","19459","13768051.54"
"New York Distribution Hub","New York","United States","N/A / Initial Seed","-","Mobile Devices","17578","13724812.33"
"Bandung Distribution Hub","Bandung","Indonesia","N/A / Initial Seed","-","Mobile Devices","16826","13722035.17"
"Dubai Distribution Hub","Dubai","Global","N/A / Initial Seed","-","Gaming Console & Accs","18712","13692745.71"
"Shenzhen Distribution Hub","Shenzhen","Global","N/A / Initial Seed","-","Mobile Devices","15912","13686051.58"
"Guangzhou Distribution Hub","Guangzhou","Global","N/A / Initial Seed","-","Mobile Devices","17996","13681138.22"
"Lyon Distribution Hub","Lyon","Global","N/A / Initial Seed","-","Mobile Devices","17885","13639417.12"
"Beijing Distribution Hub","Beijing","Global","N/A / Initial Seed","-","Computing & Servers","17264","13638473.97"
"Amsterdam Distribution Hub","Amsterdam","Global","N/A / Initial Seed","-","Electronics","16575","13636826.64"
"Busan Distribution Hub","Busan","Global","N/A / Initial Seed","-","Computing & Servers","17626","13635121.32"
"Dubai Distribution Hub","Dubai","Global","N/A / Initial Seed","-","Mobile Devices","16403","13567614.58"
"Mumbai Distribution Hub","Mumbai","Global","N/A / Initial Seed","-","Computing & Servers","17893","13546301.75"
"Dubai Distribution Hub","Dubai","Global","N/A / Initial Seed","-","Computing & Servers","18124","13522843.48"
"Hyderabad Distribution Hub","Hyderabad","Global","N/A / Initial Seed","-","Gaming Console & Accs","15744","13489036.54"
"Manchester Distribution Hub","Manchester","Global","N/A / Initial Seed","-","Gaming Console & Accs","17923","13483137.04"
"Munich Distribution Hub","Munich","Global","N/A / Initial Seed","-","Mobile Devices","16882","13479128.83"
"Busan Distribution Hub","Busan","Global","N/A / Initial Seed","-","Mobile Devices","18073","13433701.17"
"Sydney Distribution Hub","Sydney","Global","N/A / Initial Seed","-","Gaming Console & Accs","17087","13337013.92"
"London Distribution Hub","London","Global","N/A / Initial Seed","-","Mobile Devices","18524","13327086.87"
"Abu Dhabi Distribution Hub","Abu Dhabi","Global","N/A / Initial Seed","-","Gaming Console & Accs","16759","13316932.25"
"Seoul Distribution Hub","Seoul","Global","N/A / Initial Seed","-","Mobile Devices","17017","13312673.87"
"Phoenix Distribution Hub","Phoenix","United States","N/A / Initial Seed","-","Mobile Devices","18343","13227558.40"
"Seoul Distribution Hub","Seoul","Global","N/A / Initial Seed","-","Electronics","16667","13211236.11"
"Shanghai Distribution Hub","Shanghai","Global","N/A / Initial Seed","-","Computing & Servers","16731","13194866.33"
"Houston Distribution Hub","Houston","United States","N/A / Initial Seed","-","Mobile Devices","17486","13167645.71"
"Melbourne Distribution Hub","Melbourne","Global","N/A / Initial Seed","-","Gaming Console & Accs","16302","13162076.58"
"Houston Distribution Hub","Houston","United States","N/A / Initial Seed","-","Gaming Console & Accs","16583","13121834.26"
"London Distribution Hub","London","Global","N/A / Initial Seed","-","Gaming Console & Accs","16285","13086292.97"
"Toronto Distribution Hub","Toronto","Global","N/A / Initial Seed","-","Mobile Devices","17095","13081990.36"
"Leeds Distribution Hub","Leeds","Global","N/A / Initial Seed","-","Computing & Servers","17308","13075256.33"
"Shenzhen Distribution Hub","Shenzhen","Global","N/A / Initial Seed","-","Computing & Servers","16870","13017430.02"
"Amsterdam Distribution Hub","Amsterdam","Global","N/A / Initial Seed","-","Gaming Console & Accs","18003","13011469.49"
"Bangalore Distribution Hub","Bangalore","Global","N/A / Initial Seed","-","Computing & Servers","16504","12947584.98"
"Berlin Distribution Hub","Berlin","Global","N/A / Initial Seed","-","Gaming Console & Accs","16822","12944071.97"
"Marseille Distribution Hub","Marseille","Global","N/A / Initial Seed","-","Gaming Console & Accs","16108","12942810.65"
"Shanghai Distribution Hub","Shanghai","Global","N/A / Initial Seed","-","Mobile Devices","18207","12892503.49"
"Osaka Distribution Hub","Osaka","Global","N/A / Initial Seed","-","Mobile Devices","17041","12866258.63"
"Amsterdam Distribution Hub","Amsterdam","Global","N/A / Initial Seed","-","Smart Home Appliance","14554","12821179.00"
"Paris Distribution Hub","Paris","Global","N/A / Initial Seed","-","Computing & Servers","18881","12810565.18"
"Lyon Distribution Hub","Lyon","Global","N/A / Initial Seed","-","Smart Home Appliance","15053","12796856.85"
"Surabaya Distribution Hub","Surabaya","Indonesia","N/A / Initial Seed","-","Computing & Servers","16087","12787501.65"
"Brasilia Distribution Hub","Brasilia","Global","N/A / Initial Seed","-","Computing & Servers","16765","12700377.41"
"Hyderabad Distribution Hub","Hyderabad","Global","N/A / Initial Seed","-","Mobile Devices","15866","12670306.87"
"Delhi Distribution Hub","Delhi","Global","N/A / Initial Seed","-","Mobile Devices","16514","12658830.05"
"Brisbane Distribution Hub","Brisbane","Global","N/A / Initial Seed","-","Computing & Servers","15734","12598864.44"
"Montreal Distribution Hub","Montreal","Global","N/A / Initial Seed","-","Computing & Servers","16708","12563269.08"
"Sydney Distribution Hub","Sydney","Global","N/A / Initial Seed","-","Mobile Devices","16474","12549283.51"
"Brasilia Distribution Hub","Brasilia","Global","N/A / Initial Seed","-","Gaming Console & Accs","17124","12545905.69"
"Nagoya Distribution Hub","Nagoya","Global","N/A / Initial Seed","-","Computing & Servers","16862","12538916.96"
"Bangalore Distribution Hub","Bangalore","Global","N/A / Initial Seed","-","Mobile Devices","15905","12514170.93"
"Delhi Distribution Hub","Delhi","Global","N/A / Initial Seed","-","Gaming Console & Accs","15274","12501649.06"
"Abu Dhabi Distribution Hub","Abu Dhabi","Global","N/A / Initial Seed","-","Electronics","15820","12499063.17"
"Birmingham Distribution Hub","Birmingham","Global","N/A / Initial Seed","-","Smart Home Appliance","14612","12486432.19"
"Makassar Distribution Hub","Makassar","Indonesia","N/A / Initial Seed","-","Mobile Devices","17053","12474922.92"
"Vancouver Distribution Hub","Vancouver","Global","N/A / Initial Seed","-","Computing & Servers","16730","12468322.05"
"Melbourne Distribution Hub","Melbourne","Global","N/A / Initial Seed","-","Computing & Servers","15867","12456224.63"
"Jurong Distribution Hub","Jurong","Global","N/A / Initial Seed","-","Smart Home Appliance","14177","12453403.44"
"Brasilia Distribution Hub","Brasilia","Global","N/A / Initial Seed","-","Smart Home Appliance","13897","12427573.88"
"Birmingham Distribution Hub","Birmingham","Global","N/A / Initial Seed","-","Computing & Servers","15401","12409639.17"
"Hyderabad Distribution Hub","Hyderabad","Global","N/A / Initial Seed","-","Smart Home Appliance","14188","12403372.24"
"Abu Dhabi Distribution Hub","Abu Dhabi","Global","N/A / Initial Seed","-","Smart Home Appliance","14940","12388742.36"
"Sao Paulo Distribution Hub","Sao Paulo","Global","N/A / Initial Seed","-","Gaming Console & Accs","16026","12366120.31"
"Hamburg Distribution Hub","Hamburg","Global","N/A / Initial Seed","-","Computing & Servers","16480","12361900.40"
"Surabaya Distribution Hub","Surabaya","Indonesia","N/A / Initial Seed","-","Mobile Devices","15057","12351757.35"
"Manchester Distribution Hub","Manchester","Global","N/A / Initial Seed","-","Mobile Devices","15657","12349053.89"
"Los Angeles Distribution Hub","Los Angeles","United States","N/A / Initial Seed","-","Gaming Console & Accs","15101","12296743.91"
"Chicago Distribution Hub","Chicago","United States","N/A / Initial Seed","-","Computing & Servers","15863","12281359.33"
"Tokyo Distribution Hub","Tokyo","Global","N/A / Initial Seed","-","Mobile Devices","16668","12198538.95"
"Jakarta Distribution Hub","Jakarta","Indonesia","N/A / Initial Seed","-","Mobile Devices","15376","12184146.72"
"Beijing Distribution Hub","Beijing","Global","N/A / Initial Seed","-","Mobile Devices","15161","12183068.04"
"Seoul Distribution Hub","Seoul","Global","N/A / Initial Seed","-","Computing & Servers","16327","12118076.97"
"Lyon Distribution Hub","Lyon","Global","N/A / Initial Seed","-","Gaming Console & Accs","15497","12073215.21"
"Paris Distribution Hub","Paris","Global","N/A / Initial Seed","-","Mobile Devices","15125","12062812.69"
"Mumbai Distribution Hub","Mumbai","Global","N/A / Initial Seed","-","Mobile Devices","15713","12060071.70"
"Munich Distribution Hub","Munich","Global","N/A / Initial Seed","-","Computing & Servers","15329","12035025.00"
"Frankfurt Distribution Hub","Frankfurt","Global","N/A / Initial Seed","-","Gaming Console & Accs","15050","12004255.74"
"Los Angeles Distribution Hub","Los Angeles","United States","N/A / Initial Seed","-","Computing & Servers","14561","12001881.02"
"Marseille Distribution Hub","Marseille","Global","N/A / Initial Seed","-","Smart Home Appliance","13358","11991738.03"
"Berlin Distribution Hub","Berlin","Global","N/A / Initial Seed","-","Computing & Servers","16382","11983985.53"
"Seoul Distribution Hub","Seoul","Global","N/A / Initial Seed","-","Smart Home Appliance","13751","11974915.18"
"Lyon Distribution Hub","Lyon","Global","N/A / Initial Seed","-","Computing & Servers","15792","11958755.37"
"Paris Distribution Hub","Paris","Global","N/A / Initial Seed","-","Electronics","14269","11942587.62"
"Jurong Distribution Hub","Jurong","Global","N/A / Initial Seed","-","Electronics","15485","11937181.82"
"Frankfurt Distribution Hub","Frankfurt","Global","N/A / Initial Seed","-","Computing & Servers","15787","11926295.51"
"Brisbane Distribution Hub","Brisbane","Global","N/A / Initial Seed","-","Gaming Console & Accs","16055","11904088.30"
"Nagoya Distribution Hub","Nagoya","Global","N/A / Initial Seed","-","Mobile Devices","15028","11890629.98"
"Incheon Distribution Hub","Incheon","Global","N/A / Initial Seed","-","Gaming Console & Accs","16674","11885423.69"
"Jakarta Distribution Hub","Jakarta","Indonesia","N/A / Initial Seed","-","Electronics","13277","11878374.68"
"Jurong Distribution Hub","Jurong","Global","N/A / Initial Seed","-","Computing & Servers","16123","11864292.79"
"Busan Distribution Hub","Busan","Global","N/A / Initial Seed","-","Gaming Console & Accs","13813","11846422.32"
"Bandung Distribution Hub","Bandung","Indonesia","N/A / Initial Seed","-","Computing & Servers","15304","11845653.36"
"Sydney Distribution Hub","Sydney","Global","N/A / Initial Seed","-","Computing & Servers","15968","11832545.42"
"Paris Distribution Hub","Paris","Global","N/A / Initial Seed","-","Gaming Console & Accs","15909","11799625.70"
"Hamburg Distribution Hub","Hamburg","Global","N/A / Initial Seed","-","Gaming Console & Accs","14935","11719930.67"
"Munich Distribution Hub","Munich","Global","N/A / Initial Seed","-","Gaming Console & Accs","16142","11716110.18"
"Marseille Distribution Hub","Marseille","Global","N/A / Initial Seed","-","Computing & Servers","17954","11699343.98"
"Montreal Distribution Hub","Montreal","Global","N/A / Initial Seed","-","Electronics","14046","11678996.57"
"Makassar Distribution Hub","Makassar","Indonesia","N/A / Initial Seed","-","Computing & Servers","15192","11655891.95"
"Brisbane Distribution Hub","Brisbane","Global","N/A / Initial Seed","-","Electronics","14742","11647235.63"
"Manchester Distribution Hub","Manchester","Global","N/A / Initial Seed","-","Computing & Servers","14726","11633172.37"
"Jakarta Distribution Hub","Jakarta","Indonesia","N/A / Initial Seed","-","Computing & Servers","14696","11602097.96"
"Bangalore Distribution Hub","Bangalore","Global","N/A / Initial Seed","-","Gaming Console & Accs","14907","11587936.53"
"Hyderabad Distribution Hub","Hyderabad","Global","N/A / Initial Seed","-","Computing & Servers","15336","11557545.15"
"Dubai Distribution Hub","Dubai","Global","N/A / Initial Seed","-","Electronics","13955","11529795.01"
"Busan Distribution Hub","Busan","Global","N/A / Initial Seed","-","Electronics","14217","11510859.42"
"Sao Paulo Distribution Hub","Sao Paulo","Global","N/A / Initial Seed","-","Smart Home Appliance","13378","11496152.55"
"Fukuoka Distribution Hub","Fukuoka","Global","N/A / Initial Seed","-","Computing & Servers","15836","11472839.64"
"Shanghai Distribution Hub","Shanghai","Global","N/A / Initial Seed","-","Gaming Console & Accs","14603","11460432.25"
"Mumbai Distribution Hub","Mumbai","Global","N/A / Initial Seed","-","Gaming Console & Accs","14222","11456214.72"
"Birmingham Distribution Hub","Birmingham","Global","N/A / Initial Seed","-","Electronics","14318","11443831.63"
"Phoenix Distribution Hub","Phoenix","United States","N/A / Initial Seed","-","Smart Home Appliance","13063","11438535.68"
"Shenzhen Distribution Hub","Shenzhen","Global","N/A / Initial Seed","-","Electronics","14817","11438124.94"
"London Distribution Hub","London","Global","N/A / Initial Seed","-","Computing & Servers","15019","11427445.88"
"Phoenix Distribution Hub","Phoenix","United States","N/A / Initial Seed","-","Computing & Servers","15721","11424274.50"
"Shanghai Distribution Hub","Shanghai","Global","N/A / Initial Seed","-","Smart Home Appliance","13601","11381391.66"
"Los Angeles Distribution Hub","Los Angeles","United States","N/A / Initial Seed","-","Electronics","14350","11365918.87"
"Toronto Distribution Hub","Toronto","Global","N/A / Initial Seed","-","Gaming Console & Accs","14772","11363982.85"
"Frankfurt Distribution Hub","Frankfurt","Global","N/A / Initial Seed","-","Mobile Devices","15127","11340572.19"
"Osaka Distribution Hub","Osaka","Global","N/A / Initial Seed","-","Computing & Servers","14189","11332947.97"
"Leeds Distribution Hub","Leeds","Global","N/A / Initial Seed","-","Gaming Console & Accs","14297","11316467.55"
"Jakarta Distribution Hub","Jakarta","Indonesia","N/A / Initial Seed","-","Gaming Console & Accs","15600","11295910.27"
"Singapore Central Distribution Hub","Singapore Central","Global","N/A / Initial Seed","-","Smart Home Appliance","13645","11244619.75"
"Vancouver Distribution Hub","Vancouver","Global","N/A / Initial Seed","-","Electronics","15041","11215279.06"
"Frankfurt Distribution Hub","Frankfurt","Global","N/A / Initial Seed","-","Electronics","14040","11154271.69"
"Toronto Distribution Hub","Toronto","Global","N/A / Initial Seed","-","Electronics","12899","11118877.52"
"Sydney Distribution Hub","Sydney","Global","N/A / Initial Seed","-","Electronics","13340","11075694.17"
"Lyon Distribution Hub","Lyon","Global","N/A / Initial Seed","-","Electronics","14013","11045142.46"
"Vancouver Distribution Hub","Vancouver","Global","N/A / Initial Seed","-","Gaming Console & Accs","14124","11003295.38"
"Medan Distribution Hub","Medan","Indonesia","N/A / Initial Seed","-","Computing & Servers","14386","10988521.25"
"Bangalore Distribution Hub","Bangalore","Global","N/A / Initial Seed","-","Smart Home Appliance","12066","10947963.88"
"Surabaya Distribution Hub","Surabaya","Indonesia","N/A / Initial Seed","-","Gaming Console & Accs","14199","10910859.81"
"Montreal Distribution Hub","Montreal","Global","N/A / Initial Seed","-","Smart Home Appliance","12054","10909209.27"
"Chicago Distribution Hub","Chicago","United States","N/A / Initial Seed","-","Smart Home Appliance","12330","10901955.13"
"Chicago Distribution Hub","Chicago","United States","N/A / Initial Seed","-","Mobile Devices","14741","10874195.22"
"Shenzhen Distribution Hub","Shenzhen","Global","N/A / Initial Seed","-","Gaming Console & Accs","13448","10769467.97"
"Tokyo Distribution Hub","Tokyo","Global","N/A / Initial Seed","-","Computing & Servers","14990","10754915.65"
"Bandung Distribution Hub","Bandung","Indonesia","N/A / Initial Seed","-","Electronics","12982","10750343.60"
"Rio de Janeiro Distribution Hub","Rio de Janeiro","Global","N/A / Initial Seed","-","Computing & Servers","14819","10738543.93"
"Guangzhou Distribution Hub","Guangzhou","Global","N/A / Initial Seed","-","Computing & Servers","15575","10731908.74"
"Berlin Distribution Hub","Berlin","Global","N/A / Initial Seed","-","Electronics","12577","10730004.23"
"Nagoya Distribution Hub","Nagoya","Global","N/A / Initial Seed","-","Smart Home Appliance","13231","10714528.72"
"Nagoya Distribution Hub","Nagoya","Global","N/A / Initial Seed","-","Gaming Console & Accs","14036","10690705.85"
"Munich Distribution Hub","Munich","Global","N/A / Initial Seed","-","Electronics","13408","10668988.97"
"Vancouver Distribution Hub","Vancouver","Global","N/A / Initial Seed","-","Smart Home Appliance","12055","10656960.07"
"Munich Distribution Hub","Munich","Global","N/A / Initial Seed","-","Smart Home Appliance","12346","10653216.32"
"Birmingham Distribution Hub","Birmingham","Global","N/A / Initial Seed","-","Mobile Devices","13914","10653185.72"
"Singapore Central Distribution Hub","Singapore Central","Global","N/A / Initial Seed","-","Electronics","13078","10633853.71"
"Toronto Distribution Hub","Toronto","Global","N/A / Initial Seed","-","Smart Home Appliance","13496","10624500.47"
"Incheon Distribution Hub","Incheon","Global","N/A / Initial Seed","-","Computing & Servers","15021","10624244.63"
"Chicago Distribution Hub","Chicago","United States","N/A / Initial Seed","-","Gaming Console & Accs","13678","10618083.49"
"Hamburg Distribution Hub","Hamburg","Global","N/A / Initial Seed","-","Electronics","14717","10607723.64"
"Dubai Distribution Hub","Dubai","Global","N/A / Initial Seed","-","Smart Home Appliance","11958","10594109.64"
"Bandung Distribution Hub","Bandung","Indonesia","N/A / Initial Seed","-","Gaming Console & Accs","14012","10549709.74"
"Seoul Distribution Hub","Seoul","Global","N/A / Initial Seed","-","Gaming Console & Accs","14795","10518929.74"
"Fukuoka Distribution Hub","Fukuoka","Global","N/A / Initial Seed","-","Mobile Devices","14026","10516479.97"
"Guangzhou Distribution Hub","Guangzhou","Global","N/A / Initial Seed","-","Gaming Console & Accs","13955","10500778.81"
"Tokyo Distribution Hub","Tokyo","Global","N/A / Initial Seed","-","Gaming Console & Accs","13689","10410232.43"
"Nagoya Distribution Hub","Nagoya","Global","N/A / Initial Seed","-","Electronics","12124","10329838.22"
"Bangalore Distribution Hub","Bangalore","Global","N/A / Initial Seed","-","Electronics","13330","10325318.80"
"Incheon Distribution Hub","Incheon","Global","N/A / Initial Seed","-","Smart Home Appliance","12581","10256262.64"
"Surabaya Distribution Hub","Surabaya","Indonesia","N/A / Initial Seed","-","Electronics","13635","10200805.08"
"Brisbane Distribution Hub","Brisbane","Global","N/A / Initial Seed","-","Smart Home Appliance","11424","10127778.90"
"Rio de Janeiro Distribution Hub","Rio de Janeiro","Global","N/A / Initial Seed","-","Smart Home Appliance","12090","10101855.65"
"Leeds Distribution Hub","Leeds","Global","N/A / Initial Seed","-","Smart Home Appliance","11367","10060182.75"
"Makassar Distribution Hub","Makassar","Indonesia","N/A / Initial Seed","-","Gaming Console & Accs","14329","10047251.21"
"Makassar Distribution Hub","Makassar","Indonesia","N/A / Initial Seed","-","Electronics","12765","10036278.90"
"Hamburg Distribution Hub","Hamburg","Global","N/A / Initial Seed","-","Smart Home Appliance","11025","10033833.16"
"Beijing Distribution Hub","Beijing","Global","N/A / Initial Seed","-","Smart Home Appliance","11725","10033380.71"
"Phoenix Distribution Hub","Phoenix","United States","N/A / Initial Seed","-","Electronics","12578","9930126.08"
"Sao Paulo Distribution Hub","Sao Paulo","Global","N/A / Initial Seed","-","Electronics","12421","9924382.93"
"Paris Distribution Hub","Paris","Global","N/A / Initial Seed","-","Smart Home Appliance","11851","9908395.41"
"Hyderabad Distribution Hub","Hyderabad","Global","N/A / Initial Seed","-","Electronics","13202","9896887.46"
"New York Distribution Hub","New York","United States","N/A / Initial Seed","-","Smart Home Appliance","10912","9866149.60"
"Melbourne Distribution Hub","Melbourne","Global","N/A / Initial Seed","-","Electronics","13170","9826569.86"
"Osaka Distribution Hub","Osaka","Global","N/A / Initial Seed","-","Electronics","12982","9769723.35"
"Phoenix Distribution Hub","Phoenix","United States","N/A / Initial Seed","-","Gaming Console & Accs","13746","9743232.66"
"Delhi Distribution Hub","Delhi","Global","N/A / Initial Seed","-","Electronics","12231","9703254.67"
"Osaka Distribution Hub","Osaka","Global","N/A / Initial Seed","-","Gaming Console & Accs","12349","9671629.74"
"Shanghai Distribution Hub","Shanghai","Global","N/A / Initial Seed","-","Electronics","12230","9664584.00"
"Beijing Distribution Hub","Beijing","Global","N/A / Initial Seed","-","Gaming Console & Accs","13466","9649201.18"
"Chicago Distribution Hub","Chicago","United States","N/A / Initial Seed","-","Electronics","11821","9604598.49"
"Berlin Distribution Hub","Berlin","Global","N/A / Initial Seed","-","Smart Home Appliance","12463","9593583.32"
"Houston Distribution Hub","Houston","United States","N/A / Initial Seed","-","Smart Home Appliance","11452","9584707.31"
"New York Distribution Hub","New York","United States","N/A / Initial Seed","-","Electronics","11180","9532494.63"
"Marseille Distribution Hub","Marseille","Global","N/A / Initial Seed","-","Electronics","12880","9514482.99"
"Tokyo Distribution Hub","Tokyo","Global","N/A / Initial Seed","-","Smart Home Appliance","10570","9511237.66"
"Birmingham Distribution Hub","Birmingham","Global","N/A / Initial Seed","-","Gaming Console & Accs","13966","9434462.12"
"Bandung Distribution Hub","Bandung","Indonesia","N/A / Initial Seed","-","Smart Home Appliance","10706","9430677.31"
"Leeds Distribution Hub","Leeds","Global","N/A / Initial Seed","-","Electronics","11477","9427659.01"
"Guangzhou Distribution Hub","Guangzhou","Global","N/A / Initial Seed","-","Smart Home Appliance","11664","9306776.10"
"Mumbai Distribution Hub","Mumbai","Global","N/A / Initial Seed","-","Smart Home Appliance","11039","9212782.11"
"Medan Distribution Hub","Medan","Indonesia","N/A / Initial Seed","-","Gaming Console & Accs","12515","9212473.33"
"Osaka Distribution Hub","Osaka","Global","N/A / Initial Seed","-","Smart Home Appliance","11440","9159484.93"
"Melbourne Distribution Hub","Melbourne","Global","N/A / Initial Seed","-","Smart Home Appliance","10754","9138555.32"
"Delhi Distribution Hub","Delhi","Global","N/A / Initial Seed","-","Smart Home Appliance","10862","9117861.48"
"Medan Distribution Hub","Medan","Indonesia","N/A / Initial Seed","-","Smart Home Appliance","10667","8910566.09"
"Manchester Distribution Hub","Manchester","Global","N/A / Initial Seed","-","Electronics","11284","8858714.03"
"Manchester Distribution Hub","Manchester","Global","N/A / Initial Seed","-","Smart Home Appliance","9784","8797915.13"
"Surabaya Distribution Hub","Surabaya","Indonesia","N/A / Initial Seed","-","Smart Home Appliance","11265","8794151.30"
"London Distribution Hub","London","Global","N/A / Initial Seed","-","Smart Home Appliance","10438","8700485.78"
"Frankfurt Distribution Hub","Frankfurt","Global","N/A / Initial Seed","-","Smart Home Appliance","10662","8630115.19"
"Houston Distribution Hub","Houston","United States","N/A / Initial Seed","-","Electronics","10662","8576766.70"
"Guangzhou Distribution Hub","Guangzhou","Global","N/A / Initial Seed","-","Electronics","10517","8441001.72"
"Los Angeles Distribution Hub","Los Angeles","United States","N/A / Initial Seed","-","Smart Home Appliance","10371","8433783.29"
"Mumbai Distribution Hub","Mumbai","Global","N/A / Initial Seed","-","Electronics","11238","8402093.96"
"Fukuoka Distribution Hub","Fukuoka","Global","N/A / Initial Seed","-","Electronics","11404","8398629.91"
"Jakarta Distribution Hub","Jakarta","Indonesia","N/A / Initial Seed","-","Smart Home Appliance","9838","8272861.03"
"Fukuoka Distribution Hub","Fukuoka","Global","N/A / Initial Seed","-","Smart Home Appliance","9822","8236159.98"
"Sydney Distribution Hub","Sydney","Global","N/A / Initial Seed","-","Smart Home Appliance","10897","8205211.98"
"Busan Distribution Hub","Busan","Global","N/A / Initial Seed","-","Smart Home Appliance","10213","8196140.20"
"Shenzhen Distribution Hub","Shenzhen","Global","N/A / Initial Seed","-","Smart Home Appliance","9372","8188995.88"
"Makassar Distribution Hub","Makassar","Indonesia","N/A / Initial Seed","-","Smart Home Appliance","9519","7965373.75"
"Rio de Janeiro Distribution Hub","Rio de Janeiro","Global","N/A / Initial Seed","-","Electronics","9575","7961364.92"
"London Distribution Hub","London","Global","N/A / Initial Seed","-","Electronics","10460","7808339.00"
"Medan Distribution Hub","Medan","Indonesia","N/A / Initial Seed","-","Electronics","11262","7804628.35"
"Beijing Distribution Hub","Beijing","Global","N/A / Initial Seed","-","Electronics","9691","7568942.54"
"Tokyo Distribution Hub","Tokyo","Global","N/A / Initial Seed","-","Electronics","10273","6752433.71"
"Chicago Distribution Hub","Chicago","United States","Acer Inc. Global","Indonesia","Mobile Devices","2987","4181718.75"
"Manchester Distribution Hub","Manchester","Global","Panasonic Corporation","Global","Gaming Console & Accs","2811","3335326.82"
"Tokyo Distribution Hub","Tokyo","Global","Western Digital","Global","Electronics","3127","3284208.82"
"Manchester Distribution Hub","Manchester","Global","Panasonic Corporation","Global","Mobile Devices","2183","2847095.71"
"Shanghai Distribution Hub","Shanghai","Global","Qualcomm Technologies","Canada","Computing & Servers","2720","2702487.25"
"Incheon Distribution Hub","Incheon","Global","Gigabyte Technology","United Kingdom","Computing & Servers","2942","2607734.70"
"Medan Distribution Hub","Medan","Indonesia","AMD (Advanced Micro Devices)","Global","Gaming Console & Accs","2983","2601173.02"
"Jakarta Distribution Hub","Jakarta","Indonesia","Wistron Corporation","Global","Mobile Devices","2833","2439803.87"
"Shenzhen Distribution Hub","Shenzhen","Global","Toshiba Corporation","Global","Gaming Console & Accs","2336","2402353.79"
"Bandung Distribution Hub","Bandung","Indonesia","Quanta Computer","Global","Gaming Console & Accs","2396","2343270.83"
"Fukuoka Distribution Hub","Fukuoka","Global","LG Electronics","Global","Mobile Devices","3021","2320143.87"
"New York Distribution Hub","New York","United States","Western Digital","Global","Electronics","3969","2292418.54"
"Bandung Distribution Hub","Bandung","Indonesia","Quanta Computer","Global","Computing & Servers","2439","2272611.81"
"Surabaya Distribution Hub","Surabaya","Indonesia","Logitech International","Global","Gaming Console & Accs","2142","2227128.56"
"Medan Distribution Hub","Medan","Indonesia","AMD (Advanced Micro Devices)","Global","Computing & Servers","2727","2225400.09"
"Chicago Distribution Hub","Chicago","United States","Acer Inc. Global","Indonesia","Computing & Servers","2061","2210456.13"
"Frankfurt Distribution Hub","Frankfurt","Global","NVIDIA Corporation","Indonesia","Mobile Devices","1933","2205067.37"
"Hyderabad Distribution Hub","Hyderabad","Global","Corsair Gaming","South Korea","Mobile Devices","1552","2134626.35"
"Fukuoka Distribution Hub","Fukuoka","Global","LG Electronics","Global","Gaming Console & Accs","1859","2121890.74"
"Rio de Janeiro Distribution Hub","Rio de Janeiro","Global","Western Digital","Global","Computing & Servers","2545","2109278.74"
"Manchester Distribution Hub","Manchester","Global","Panasonic Corporation","Global","Electronics","2852","2105175.85"
"Delhi Distribution Hub","Delhi","Global","HP Inc. Global","United Kingdom","Mobile Devices","1656","2056865.28"
"Osaka Distribution Hub","Osaka","Global","Kingston Technology","Global","Computing & Servers","2843","2040253.27"
"Mumbai Distribution Hub","Mumbai","Global","HP Inc. Global","United Kingdom","Electronics","2176","2037179.47"
"Seoul Distribution Hub","Seoul","Global","Corsair Gaming","South Korea","Computing & Servers","1914","1995331.46"
"London Distribution Hub","London","Global","ASUSTeK Computer Inc.","France","Mobile Devices","1435","1984851.54"
"Medan Distribution Hub","Medan","Indonesia","AMD (Advanced Micro Devices)","Global","Electronics","2142","1970387.79"
"Frankfurt Distribution Hub","Frankfurt","Global","NVIDIA Corporation","Indonesia","Computing & Servers","1528","1940911.56"
"Bangalore Distribution Hub","Bangalore","Global","AMD (Advanced Micro Devices)","Global","Gaming Console & Accs","2662","1927666.65"
"Brasilia Distribution Hub","Brasilia","Global","Panasonic Corporation","Global","Gaming Console & Accs","1599","1918764.56"
"Guangzhou Distribution Hub","Guangzhou","Global","Apple Inc. Global","France","Computing & Servers","1650","1893431.01"
"Busan Distribution Hub","Busan","Global","LG Electronics","Global","Computing & Servers","2796","1893193.44"
"Mumbai Distribution Hub","Mumbai","Global","HP Inc. Global","United Kingdom","Mobile Devices","1873","1869694.91"
"Tokyo Distribution Hub","Tokyo","Global","Western Digital","Global","Gaming Console & Accs","1796","1839650.95"
"Lyon Distribution Hub","Lyon","Global","Gigabyte Technology","United Kingdom","Computing & Servers","2067","1834067.97"
"Nagoya Distribution Hub","Nagoya","Global","Western Digital","Global","Computing & Servers","2638","1827420.08"
"Shenzhen Distribution Hub","Shenzhen","Global","Toshiba Corporation","Global","Computing & Servers","2627","1791073.99"
"Phoenix Distribution Hub","Phoenix","United States","Wistron Corporation","Global","Computing & Servers","2177","1789627.51"
"Marseille Distribution Hub","Marseille","Global","HP Inc. Global","United Kingdom","Electronics","1800","1787665.75"
"Hyderabad Distribution Hub","Hyderabad","Global","Corsair Gaming","South Korea","Computing & Servers","1507","1742655.11"
"Fukuoka Distribution Hub","Fukuoka","Global","LG Electronics","Global","Electronics","1303","1728924.09"
"Beijing Distribution Hub","Beijing","Global","Compal Electronics","France","Gaming Console & Accs","1481","1727091.93"
"Surabaya Distribution Hub","Surabaya","Indonesia","Logitech International","Global","Computing & Servers","1990","1715148.88"
"Lyon Distribution Hub","Lyon","Global","Gigabyte Technology","United Kingdom","Mobile Devices","1604","1712888.24"
"Fukuoka Distribution Hub","Fukuoka","Global","LG Electronics","Global","Computing & Servers","2568","1661337.12"
"Manchester Distribution Hub","Manchester","Global","Panasonic Corporation","Global","Computing & Servers","1942","1638357.15"
"Marseille Distribution Hub","Marseille","Global","HP Inc. Global","United Kingdom","Mobile Devices","1314","1636773.57"
"Osaka Distribution Hub","Osaka","Global","Kingston Technology","Global","Gaming Console & Accs","1824","1630218.17"
"Vancouver Distribution Hub","Vancouver","Global","Foxconn Technology Group","Global","Electronics","1730","1619396.65"
"Nagoya Distribution Hub","Nagoya","Global","Western Digital","Global","Gaming Console & Accs","2153","1616892.82"
"Seoul Distribution Hub","Seoul","Global","Corsair Gaming","South Korea","Mobile Devices","1434","1611492.51"
"Birmingham Distribution Hub","Birmingham","Global","Gigabyte Technology","United Kingdom","Gaming Console & Accs","1286","1610005.72"
"London Distribution Hub","London","Global","ASUSTeK Computer Inc.","France","Electronics","1900","1558343.11"
"Montreal Distribution Hub","Montreal","Global","TSMC (Taiwan Semiconductor)","Indonesia","Gaming Console & Accs","1552","1517789.61"
"New York Distribution Hub","New York","United States","Western Digital","Global","Mobile Devices","1820","1504985.78"
"Mumbai Distribution Hub","Mumbai","Global","HP Inc. Global","United Kingdom","Smart Home Appliance","2221","1493776.26"
"Houston Distribution Hub","Houston","United States","Kingston Technology","Global","Electronics","1652","1488998.00"
"Busan Distribution Hub","Busan","Global","LG Electronics","Global","Mobile Devices","1142","1478052.48"
"Melbourne Distribution Hub","Melbourne","Global","Quanta Computer","Global","Computing & Servers","1804","1460416.79"
"Nagoya Distribution Hub","Nagoya","Global","Western Digital","Global","Mobile Devices","1566","1445082.36"
"Mumbai Distribution Hub","Mumbai","Global","Microsoft Hardware Div.","Canada","Computing & Servers","966","1436393.70"
"Los Angeles Distribution Hub","Los Angeles","United States","LG Electronics","Global","Smart Home Appliance","1867","1420185.86"
"Fukuoka Distribution Hub","Fukuoka","Global","LG Electronics","Global","Smart Home Appliance","1749","1371036.86"
"Beijing Distribution Hub","Beijing","Global","Compal Electronics","France","Electronics","2056","1370566.27"
"Surabaya Distribution Hub","Surabaya","Indonesia","Logitech International","Global","Electronics","1503","1366559.91"
"Tokyo Distribution Hub","Tokyo","Global","Western Digital","Global","Mobile Devices","916","1342040.76"
"Dubai Distribution Hub","Dubai","Global","Sony Corporation","Turkey","Smart Home Appliance","1661","1334088.04"
"Vancouver Distribution Hub","Vancouver","Global","Foxconn Technology Group","Global","Gaming Console & Accs","1415","1318661.74"
"Medan Distribution Hub","Medan","Indonesia","AMD (Advanced Micro Devices)","Global","Mobile Devices","1689","1309814.35"
"Jakarta Distribution Hub","Jakarta","Indonesia","Wistron Corporation","Global","Computing & Servers","1383","1306179.27"
"Dubai Distribution Hub","Dubai","Global","Sony Corporation","Turkey","Gaming Console & Accs","1101","1286813.62"
"Houston Distribution Hub","Houston","United States","Toshiba Corporation","Global","Gaming Console & Accs","909","1283008.05"
"Phoenix Distribution Hub","Phoenix","United States","NVIDIA Corporation","Indonesia","Gaming Console & Accs","936","1273428.00"
"Rio de Janeiro Distribution Hub","Rio de Janeiro","Global","Western Digital","Global","Gaming Console & Accs","917","1263075.80"
"Houston Distribution Hub","Houston","United States","Kingston Technology","Global","Gaming Console & Accs","1704","1238865.72"
"Guangzhou Distribution Hub","Guangzhou","Global","Apple Inc. Global","France","Mobile Devices","949","1229372.56"
"Bandung Distribution Hub","Bandung","Indonesia","Quanta Computer","Global","Smart Home Appliance","1818","1220747.37"
"Medan Distribution Hub","Medan","Indonesia","Apple Inc. Global","France","Smart Home Appliance","869","1213419.46"
"Birmingham Distribution Hub","Birmingham","Global","Gigabyte Technology","United Kingdom","Computing & Servers","2723","1206489.86"
"Seoul Distribution Hub","Seoul","Global","Corsair Gaming","South Korea","Gaming Console & Accs","1172","1195597.44"
"Sydney Distribution Hub","Sydney","Global","Western Digital","Global","Mobile Devices","928","1195480.02"
"New York Distribution Hub","New York","United States","Western Digital","Global","Computing & Servers","1523","1171624.73"
"Delhi Distribution Hub","Delhi","Global","HP Inc. Global","United Kingdom","Electronics","1001","1167310.32"
"Tokyo Distribution Hub","Tokyo","Global","Intel Corporation Global","Global","Electronics","851","1166108.28"
"Montreal Distribution Hub","Montreal","Global","TSMC (Taiwan Semiconductor)","Indonesia","Computing & Servers","1477","1159298.75"
"Shanghai Distribution Hub","Shanghai","Global","Qualcomm Technologies","Canada","Mobile Devices","791","1158902.01"
"Brisbane Distribution Hub","Brisbane","Global","MSI (Micro-Star International)","South Korea","Computing & Servers","1888","1154223.83"
"Busan Distribution Hub","Busan","Global","Wistron Corporation","Global","Gaming Console & Accs","1327","1153184.14"
"Leeds Distribution Hub","Leeds","Global","Apple Inc. Global","France","Computing & Servers","1721","1152907.99"
"Montreal Distribution Hub","Montreal","Global","TSMC (Taiwan Semiconductor)","Indonesia","Mobile Devices","877","1134346.88"
"Fukuoka Distribution Hub","Fukuoka","Global","Toshiba Corporation","Global","Mobile Devices","859","1129353.07"
"Phoenix Distribution Hub","Phoenix","United States","Wistron Corporation","Global","Gaming Console & Accs","817","1103440.20"
"Marseille Distribution Hub","Marseille","Global","Panasonic Corporation","Global","Electronics","745","1099411.40"
"Shenzhen Distribution Hub","Shenzhen","Global","Pegatron Corporation","Global","Electronics","778","1095213.94"
"Frankfurt Distribution Hub","Frankfurt","Global","Lenovo Group Ltd.","Turkey","Mobile Devices","858","1090620.96"
"Berlin Distribution Hub","Berlin","Global","Microsoft Hardware Div.","Canada","Mobile Devices","742","1089923.80"
"Shenzhen Distribution Hub","Shenzhen","Global","Toshiba Corporation","Global","Electronics","925","1071002.00"
"Sydney Distribution Hub","Sydney","Global","ASUSTeK Computer Inc.","France","Gaming Console & Accs","890","1069343.90"
"Houston Distribution Hub","Houston","United States","Qualcomm Technologies","Canada","Smart Home Appliance","978","1063819.50"
"Abu Dhabi Distribution Hub","Abu Dhabi","Global","Quanta Computer","Global","Mobile Devices","891","1053758.97"
"London Distribution Hub","London","Global","ASUSTeK Computer Inc.","France","Smart Home Appliance","1240","1050149.00"
"Osaka Distribution Hub","Osaka","Global","Kingston Technology","Global","Electronics","725","1048219.50"
"Guangzhou Distribution Hub","Guangzhou","Global","Kingston Technology","Global","Gaming Console & Accs","733","1034592.85"
"Munich Distribution Hub","Munich","Global","Panasonic Corporation","Global","Gaming Console & Accs","860","1033298.60"
"Montreal Distribution Hub","Montreal","Global","TSMC (Taiwan Semiconductor)","Indonesia","Electronics","2095","1029412.41"
"Makassar Distribution Hub","Makassar","Indonesia","TSMC (Taiwan Semiconductor)","Indonesia","Electronics","905","1019057.75"
"Guangzhou Distribution Hub","Guangzhou","Global","Acer Inc. Global","Indonesia","Smart Home Appliance","794","1018003.28"
"Munich Distribution Hub","Munich","Global","Compal Electronics","France","Computing & Servers","1260","1008172.83"
"Bangalore Distribution Hub","Bangalore","Global","AMD (Advanced Micro Devices)","Global","Mobile Devices","778","1007852.32"
"Osaka Distribution Hub","Osaka","Global","Kingston Technology","Global","Smart Home Appliance","1678","1005842.48"
"Makassar Distribution Hub","Makassar","Indonesia","MSI (Micro-Star International)","South Korea","Gaming Console & Accs","731","1005315.06"
"Rio de Janeiro Distribution Hub","Rio de Janeiro","Global","Qualcomm Technologies","Canada","Computing & Servers","824","1004579.60"
"Jakarta Distribution Hub","Jakarta","Indonesia","Gigabyte Technology","United Kingdom","Computing & Servers","802","1002235.34"
"Chicago Distribution Hub","Chicago","United States","Acer Inc. Global","Indonesia","Gaming Console & Accs","2054","1000344.69"
"Busan Distribution Hub","Busan","Global","LG Electronics","Global","Smart Home Appliance","1457","999650.00"
"Beijing Distribution Hub","Beijing","Global","Compal Electronics","France","Computing & Servers","1017","990199.87"
"Vancouver Distribution Hub","Vancouver","Global","Foxconn Technology Group","Global","Mobile Devices","837","989894.79"
"Marseille Distribution Hub","Marseille","Global","Gigabyte Technology","United Kingdom","Mobile Devices","655","977528.55"
"Makassar Distribution Hub","Makassar","Indonesia","TSMC (Taiwan Semiconductor)","Indonesia","Mobile Devices","826","976885.42"
"Los Angeles Distribution Hub","Los Angeles","United States","LG Electronics","Global","Computing & Servers","2576","973086.74"
"Singapore Central Distribution Hub","Singapore Central","Global","Compal Electronics","France","Smart Home Appliance","712","966319.28"
"Birmingham Distribution Hub","Birmingham","Global","AMD (Advanced Micro Devices)","Global","Gaming Console & Accs","813","964274.91"
"Makassar Distribution Hub","Makassar","Indonesia","TSMC (Taiwan Semiconductor)","Indonesia","Computing & Servers","679","963636.80"
"Birmingham Distribution Hub","Birmingham","Global","HP Inc. Global","United Kingdom","Smart Home Appliance","750","963285.00"
"Birmingham Distribution Hub","Birmingham","Global","TSMC (Taiwan Semiconductor)","Indonesia","Smart Home Appliance","902","957599.28"
"Vancouver Distribution Hub","Vancouver","Global","Kingston Technology","Global","Gaming Console & Accs","672","948494.40"
"Guangzhou Distribution Hub","Guangzhou","Global","Sony Corporation","Turkey","Computing & Servers","639","944582.58"
"Amsterdam Distribution Hub","Amsterdam","Global","Lenovo Group Ltd.","Turkey","Computing & Servers","664","942348.80"
"Marseille Distribution Hub","Marseille","Global","Wistron Corporation","Global","Gaming Console & Accs","781","938379.31"
"Melbourne Distribution Hub","Melbourne","Global","Quanta Computer","Global","Electronics","653","919247.69"
"Beijing Distribution Hub","Beijing","Global","Gigabyte Technology","United Kingdom","Electronics","652","917839.96"
"Toronto Distribution Hub","Toronto","Global","Microsoft Hardware Div.","Canada","Mobile Devices","621","909833.31"
"Los Angeles Distribution Hub","Los Angeles","United States","LG Electronics","Global","Electronics","1293","908807.82"
"Sao Paulo Distribution Hub","Sao Paulo","Global","Western Digital","Global","Mobile Devices","619","906903.09"
"Nagoya Distribution Hub","Nagoya","Global","Gigabyte Technology","United Kingdom","Computing & Servers","626","891555.46"
"Singapore Central Distribution Hub","Singapore Central","Global","NVIDIA Corporation","Indonesia","Electronics","645","890886.90"
"Incheon Distribution Hub","Incheon","Global","Dell Technologies Inc.","France","Mobile Devices","708","876610.20"
"Surabaya Distribution Hub","Surabaya","Indonesia","Apple Inc. Global","France","Gaming Console & Accs","760","866286.00"
"Seoul Distribution Hub","Seoul","Global","Acer Inc. Global","Indonesia","Gaming Console & Accs","641","865734.60"
"Melbourne Distribution Hub","Melbourne","Global","Apple Inc. Global","France","Electronics","922","859765.00"
"Singapore Central Distribution Hub","Singapore Central","Global","Quanta Computer","Global","Electronics","650","855731.50"
"Melbourne Distribution Hub","Melbourne","Global","ASUSTeK Computer Inc.","France","Gaming Console & Accs","600","846870.00"
"Mumbai Distribution Hub","Mumbai","Global","Quanta Computer","Global","Gaming Console & Accs","582","846856.56"
"Shanghai Distribution Hub","Shanghai","Global","Sony Corporation","Turkey","Mobile Devices","1015","844504.81"
"Marseille Distribution Hub","Marseille","Global","MSI (Micro-Star International)","South Korea","Computing & Servers","571","844063.62"
"Tokyo Distribution Hub","Tokyo","Global","Western Digital","Global","Computing & Servers","761","841871.47"
"Berlin Distribution Hub","Berlin","Global","Quanta Computer","Global","Computing & Servers","1193","833746.65"
"Hamburg Distribution Hub","Hamburg","Global","Toshiba Corporation","Global","Mobile Devices","642","831672.48"
"Leeds Distribution Hub","Leeds","Global","Apple Inc. Global","France","Smart Home Appliance","1176","828835.21"
"Toronto Distribution Hub","Toronto","Global","Microsoft Hardware Div.","Canada","Computing & Servers","1796","828030.51"
"Hamburg Distribution Hub","Hamburg","Global","Quanta Computer","Global","Gaming Console & Accs","608","827184.00"
"Munich Distribution Hub","Munich","Global","MSI (Micro-Star International)","South Korea","Electronics","599","820797.72"
"Beijing Distribution Hub","Beijing","Global","TSMC (Taiwan Semiconductor)","Indonesia","Gaming Console & Accs","710","809293.50"
"Melbourne Distribution Hub","Melbourne","Global","Quanta Computer","Global","Mobile Devices","622","804519.68"
"Sydney Distribution Hub","Sydney","Global","Western Digital","Global","Computing & Servers","565","801848.00"
"Los Angeles Distribution Hub","Los Angeles","United States","LG Electronics","Global","Gaming Console & Accs","1447","791310.00"
"Jurong Distribution Hub","Jurong","Global","Western Digital","Global","Gaming Console & Accs","858","791221.86"
"Vancouver Distribution Hub","Vancouver","Global","Lenovo Group Ltd.","Turkey","Gaming Console & Accs","689","785356.65"
"Hamburg Distribution Hub","Hamburg","Global","Toshiba Corporation","Global","Computing & Servers","1526","781380.59"
"Lyon Distribution Hub","Lyon","Global","Intel Corporation Global","Global","Computing & Servers","620","774795.40"
"New York Distribution Hub","New York","United States","Western Digital","Global","Smart Home Appliance","1438","774595.76"
"Hyderabad Distribution Hub","Hyderabad","Global","Microsoft Hardware Div.","Canada","Computing & Servers","900","765846.00"
"Shanghai Distribution Hub","Shanghai","Global","Acer Inc. Global","Indonesia","Mobile Devices","521","765296.90"
"Paris Distribution Hub","Paris","Global","Lenovo Group Ltd.","Turkey","Computing & Servers","1318","761991.82"
"Paris Distribution Hub","Paris","Global","Lenovo Group Ltd.","Turkey","Gaming Console & Accs","754","761132.84"
"Hamburg Distribution Hub","Hamburg","Global","Toshiba Corporation","Global","Electronics","810","758816.10"
"Bandung Distribution Hub","Bandung","Indonesia","Quanta Computer","Global","Electronics","1021","757611.24"
"Sao Paulo Distribution Hub","Sao Paulo","Global","Pegatron Corporation","Global","Gaming Console & Accs","543","747928.20"
"Rio de Janeiro Distribution Hub","Rio de Janeiro","Global","Western Digital","Global","Electronics","802","747865.00"
"Phoenix Distribution Hub","Phoenix","United States","Logitech International","Global","Electronics","696","744281.52"
"Phoenix Distribution Hub","Phoenix","United States","Wistron Corporation","Global","Electronics","852","742262.40"
"Nagoya Distribution Hub","Nagoya","Global","Panasonic Corporation","Global","Computing & Servers","615","740921.25"
"Manchester Distribution Hub","Manchester","Global","Panasonic Corporation","Global","Smart Home Appliance","1551","719943.36"
"Delhi Distribution Hub","Delhi","Global","HP Inc. Global","United Kingdom","Smart Home Appliance","919","716737.29"
"Incheon Distribution Hub","Incheon","Global","Apple Inc. Global","France","Gaming Console & Accs","1175","716312.41"
"Melbourne Distribution Hub","Melbourne","Global","Qualcomm Technologies","Canada","Gaming Console & Accs","625","712406.25"
"Guangzhou Distribution Hub","Guangzhou","Global","Apple Inc. Global","France","Electronics","756","708228.36"
"Marseille Distribution Hub","Marseille","Global","MSI (Micro-Star International)","South Korea","Mobile Devices","635","707199.50"
"Tokyo Distribution Hub","Tokyo","Global","Western Digital","Global","Smart Home Appliance","1999","705725.12"
"Jakarta Distribution Hub","Jakarta","Indonesia","Compal Electronics","France","Electronics","752","692719.84"
"Berlin Distribution Hub","Berlin","Global","Quanta Computer","Global","Gaming Console & Accs","686","692489.56"
"Jakarta Distribution Hub","Jakarta","Indonesia","Seagate Technology","Global","Mobile Devices","867","687713.07"
"Leeds Distribution Hub","Leeds","Global","Quanta Computer","Global","Gaming Console & Accs","745","687016.65"
"Bandung Distribution Hub","Bandung","Indonesia","Quanta Computer","Global","Mobile Devices","1400","684196.00"
"Mumbai Distribution Hub","Mumbai","Global","HP Inc. Global","United Kingdom","Computing & Servers","1649","684021.89"
"Rio de Janeiro Distribution Hub","Rio de Janeiro","Global","Apple Inc. Global","France","Smart Home Appliance","515","681175.05"
"Melbourne Distribution Hub","Melbourne","Global","Quanta Computer","Global","Smart Home Appliance","1313","680658.72"
"Medan Distribution Hub","Medan","Indonesia","Pegatron Corporation","Global","Gaming Console & Accs","736","678717.12"
"Leeds Distribution Hub","Leeds","Global","Wistron Corporation","Global","Mobile Devices","513","674456.49"
"London Distribution Hub","London","Global","Wistron Corporation","Global","Computing & Servers","664","673023.76"
"New York Distribution Hub","New York","United States","Dell Technologies Inc.","France","Mobile Devices","542","671077.30"
"Brasilia Distribution Hub","Brasilia","Global","LG Electronics","Global","Gaming Console & Accs","653","670493.87"
"Bangalore Distribution Hub","Bangalore","Global","TSMC (Taiwan Semiconductor)","Indonesia","Gaming Console & Accs","654","660186.84"
"Seoul Distribution Hub","Seoul","Global","TSMC (Taiwan Semiconductor)","Indonesia","Smart Home Appliance","839","654344.49"
"Jurong Distribution Hub","Jurong","Global","Compal Electronics","France","Computing & Servers","1304","653805.50"
"Jurong Distribution Hub","Jurong","Global","Western Digital","Global","Smart Home Appliance","711","646426.98"
"Singapore Central Distribution Hub","Singapore Central","Global","NVIDIA Corporation","Indonesia","Gaming Console & Accs","543","644036.01"
"Munich Distribution Hub","Munich","Global","Samsung Electronics","Global","Electronics","544","629864.96"
"Bangalore Distribution Hub","Bangalore","Global","AMD (Advanced Micro Devices)","Global","Smart Home Appliance","1052","628238.41"
"Munich Distribution Hub","Munich","Global","Compal Electronics","France","Gaming Console & Accs","463","625327.80"
"Makassar Distribution Hub","Makassar","Indonesia","Toshiba Corporation","Global","Computing & Servers","512","616832.00"
"Shenzhen Distribution Hub","Shenzhen","Global","Toshiba Corporation","Global","Smart Home Appliance","1752","616796.36"
"Houston Distribution Hub","Houston","United States","Kingston Technology","Global","Computing & Servers","1235","615175.45"
"Marseille Distribution Hub","Marseille","Global","LG Electronics","Global","Computing & Servers","907","614900.65"
"Nagoya Distribution Hub","Nagoya","Global","Western Digital","Global","Smart Home Appliance","548","599627.08"
"Los Angeles Distribution Hub","Los Angeles","United States","Quanta Computer","Global","Computing & Servers","763","596444.73"
"Guangzhou Distribution Hub","Guangzhou","Global","Apple Inc. Global","France","Smart Home Appliance","764","595851.24"
"Delhi Distribution Hub","Delhi","Global","HP Inc. Global","United Kingdom","Computing & Servers","1879","593473.98"
"Busan Distribution Hub","Busan","Global","LG Electronics","Global","Gaming Console & Accs","1563","592825.70"
"Marseille Distribution Hub","Marseille","Global","HP Inc. Global","United Kingdom","Computing & Servers","418","590914.06"
"Makassar Distribution Hub","Makassar","Indonesia","TSMC (Taiwan Semiconductor)","Indonesia","Gaming Console & Accs","425","585395.00"
"Bangalore Distribution Hub","Bangalore","Global","HP Inc. Global","United Kingdom","Smart Home Appliance","979","575052.31"
"Frankfurt Distribution Hub","Frankfurt","Global","NVIDIA Corporation","Indonesia","Smart Home Appliance","782","573393.68"
"Leeds Distribution Hub","Leeds","Global","Apple Inc. Global","France","Mobile Devices","484","572412.28"
"Montreal Distribution Hub","Montreal","Global","TSMC (Taiwan Semiconductor)","Indonesia","Smart Home Appliance","1183","563432.40"
"Montreal Distribution Hub","Montreal","Global","Microsoft Hardware Div.","Canada","Mobile Devices","617","559983.03"
"Phoenix Distribution Hub","Phoenix","United States","Microsoft Hardware Div.","Canada","Gaming Console & Accs","550","555203.00"
"Brasilia Distribution Hub","Brasilia","Global","Panasonic Corporation","Global","Smart Home Appliance","848","547689.28"
"Sydney Distribution Hub","Sydney","Global","Gigabyte Technology","United Kingdom","Electronics","593","546253.81"
"Lyon Distribution Hub","Lyon","Global","Gigabyte Technology","United Kingdom","Gaming Console & Accs","894","544052.64"
"Amsterdam Distribution Hub","Amsterdam","Global","Apple Inc. Global","France","Gaming Console & Accs","921","535533.87"
"Shanghai Distribution Hub","Shanghai","Global","Lenovo Group Ltd.","Turkey","Gaming Console & Accs","429","529875.06"
"Shenzhen Distribution Hub","Shenzhen","Global","Qualcomm Technologies","Canada","Gaming Console & Accs","706","518175.76"
"Jurong Distribution Hub","Jurong","Global","Microsoft Hardware Div.","Canada","Computing & Servers","746","514926.50"
"Rio de Janeiro Distribution Hub","Rio de Janeiro","Global","NVIDIA Corporation","Indonesia","Electronics","767","509633.15"
"Surabaya Distribution Hub","Surabaya","Indonesia","Intel Corporation Global","Global","Mobile Devices","851","507910.84"
"Amsterdam Distribution Hub","Amsterdam","Global","Lenovo Group Ltd.","Turkey","Mobile Devices","429","507365.43"
"Melbourne Distribution Hub","Melbourne","Global","AMD (Advanced Micro Devices)","Global","Computing & Servers","818","499159.96"
"Beijing Distribution Hub","Beijing","Global","Compal Electronics","France","Smart Home Appliance","674","494203.76"
"Berlin Distribution Hub","Berlin","Global","Quanta Computer","Global","Electronics","852","488042.64"
"Sydney Distribution Hub","Sydney","Global","Western Digital","Global","Smart Home Appliance","624","486663.84"
"Paris Distribution Hub","Paris","Global","AMD (Advanced Micro Devices)","Global","Mobile Devices","782","485817.50"
"Brasilia Distribution Hub","Brasilia","Global","AMD (Advanced Micro Devices)","Global","Gaming Console & Accs","798","485630.88"
"Melbourne Distribution Hub","Melbourne","Global","Pegatron Corporation","Global","Mobile Devices","779","483953.75"
"Hamburg Distribution Hub","Hamburg","Global","Toshiba Corporation","Global","Gaming Console & Accs","623","482015.10"
"Singapore Central Distribution Hub","Singapore Central","Global","Acer Inc. Global","Indonesia","Electronics","721","479068.45"
"Frankfurt Distribution Hub","Frankfurt","Global","TSMC (Taiwan Semiconductor)","Indonesia","Gaming Console & Accs","590","478023.90"
"Rio de Janeiro Distribution Hub","Rio de Janeiro","Global","MSI (Micro-Star International)","South Korea","Mobile Devices","614","476249.10"
"Brasilia Distribution Hub","Brasilia","Global","LG Electronics","Global","Mobile Devices","904","476100.64"
"Makassar Distribution Hub","Makassar","Indonesia","Razer Inc. Global","Canada","Gaming Console & Accs","587","475593.27"
"Guangzhou Distribution Hub","Guangzhou","Global","Apple Inc. Global","France","Gaming Console & Accs","813","472735.11"
"London Distribution Hub","London","Global","ASUSTeK Computer Inc.","France","Gaming Console & Accs","558","465784.92"
"Seoul Distribution Hub","Seoul","Global","Toshiba Corporation","Global","Computing & Servers","756","465310.44"
"Phoenix Distribution Hub","Phoenix","United States","Samsung Electronics","Global","Mobile Devices","882","464514.12"
"Los Angeles Distribution Hub","Los Angeles","United States","Lenovo Group Ltd.","Turkey","Gaming Console & Accs","598","462672.60"
"Sydney Distribution Hub","Sydney","Global","LG Electronics","Global","Gaming Console & Accs","886","462119.88"
"Jakarta Distribution Hub","Jakarta","Indonesia","Wistron Corporation","Global","Electronics","693","460463.85"
"Abu Dhabi Distribution Hub","Abu Dhabi","Global","AMD (Advanced Micro Devices)","Global","Computing & Servers","926","456610.60"
"Jakarta Distribution Hub","Jakarta","Indonesia","Wistron Corporation","Global","Gaming Console & Accs","1349","453012.53"
"Birmingham Distribution Hub","Birmingham","Global","Gigabyte Technology","United Kingdom","Electronics","479","448731.99"
"Bandung Distribution Hub","Bandung","Indonesia","Dell Technologies Inc.","France","Mobile Devices","476","448196.84"
"Toronto Distribution Hub","Toronto","Global","Microsoft Hardware Div.","Canada","Electronics","513","446925.60"
"Shanghai Distribution Hub","Shanghai","Global","Razer Inc. Global","Canada","Gaming Console & Accs","886","443150.62"
"Vancouver Distribution Hub","Vancouver","Global","Foxconn Technology Group","Global","Computing & Servers","544","443147.84"
"Hyderabad Distribution Hub","Hyderabad","Global","Corsair Gaming","South Korea","Electronics","667","439246.18"
"Seoul Distribution Hub","Seoul","Global","Seagate Technology","Global","Mobile Devices","735","437310.30"
"Shanghai Distribution Hub","Shanghai","Global","Qualcomm Technologies","Canada","Smart Home Appliance","898","432404.96"
"Hyderabad Distribution Hub","Hyderabad","Global","Western Digital","Global","Mobile Devices","549","431151.66"
"Paris Distribution Hub","Paris","Global","Corsair Gaming","South Korea","Mobile Devices","474","430197.66"
"Toronto Distribution Hub","Toronto","Global","Compal Electronics","France","Mobile Devices","719","427790.62"
"Mumbai Distribution Hub","Mumbai","Global","Kingston Technology","Global","Mobile Devices","688","427420.00"
"Munich Distribution Hub","Munich","Global","Compal Electronics","France","Smart Home Appliance","1310","422647.46"
"Houston Distribution Hub","Houston","United States","Kingston Technology","Global","Mobile Devices","707","420650.86"
"Delhi Distribution Hub","Delhi","Global","HP Inc. Global","United Kingdom","Gaming Console & Accs","414","417916.44"
"Berlin Distribution Hub","Berlin","Global","Microsoft Hardware Div.","Canada","Gaming Console & Accs","800","417264.00"
"Osaka Distribution Hub","Osaka","Global","Kingston Technology","Global","Mobile Devices","699","417191.16"
"Dubai Distribution Hub","Dubai","Global","Seagate Technology","Global","Mobile Devices","668","414995.00"
"Lyon Distribution Hub","Lyon","Global","Toshiba Corporation","Global","Mobile Devices","782","411848.12"
"Dubai Distribution Hub","Dubai","Global","Panasonic Corporation","Global","Gaming Console & Accs","525","411610.50"
"Jurong Distribution Hub","Jurong","Global","AMD (Advanced Micro Devices)","Global","Smart Home Appliance","851","409773.52"
"Birmingham Distribution Hub","Birmingham","Global","Sony Corporation","Turkey","Computing & Servers","842","399301.66"
"Melbourne Distribution Hub","Melbourne","Global","Quanta Computer","Global","Gaming Console & Accs","850","394595.50"
"Sydney Distribution Hub","Sydney","Global","Dell Technologies Inc.","France","Mobile Devices","743","391308.38"
"Sydney Distribution Hub","Sydney","Global","Kingston Technology","Global","Mobile Devices","433","389020.19"
"New York Distribution Hub","New York","United States","Western Digital","Global","Gaming Console & Accs","820","383186.00"
"Amsterdam Distribution Hub","Amsterdam","Global","HP Inc. Global","United Kingdom","Computing & Servers","618","377115.96"
"Dubai Distribution Hub","Dubai","Global","Sony Corporation","Turkey","Computing & Servers","546","376876.50"
"Los Angeles Distribution Hub","Los Angeles","United States","LG Electronics","Global","Mobile Devices","931","375035.98"
"Beijing Distribution Hub","Beijing","Global","Razer Inc. Global","Canada","Smart Home Appliance","480","374356.80"
"Makassar Distribution Hub","Makassar","Indonesia","TSMC (Taiwan Semiconductor)","Indonesia","Smart Home Appliance","552","356514.72"
"Surabaya Distribution Hub","Surabaya","Indonesia","Logitech International","Global","Smart Home Appliance","727","350065.04"
"Singapore Central Distribution Hub","Singapore Central","Global","NVIDIA Corporation","Indonesia","Mobile Devices","850","346621.50"
"London Distribution Hub","London","Global","ASUSTeK Computer Inc.","France","Computing & Servers","1459","344735.68"
"Leeds Distribution Hub","Leeds","Global","Intel Corporation Global","Global","Smart Home Appliance","474","341663.94"
"Shenzhen Distribution Hub","Shenzhen","Global","Acer Inc. Global","Indonesia","Smart Home Appliance","569","329524.97"
"Chicago Distribution Hub","Chicago","United States","Panasonic Corporation","Global","Gaming Console & Accs","470","324516.20"
"Sydney Distribution Hub","Sydney","Global","Qualcomm Technologies","Canada","Mobile Devices","795","324193.05"
"Bandung Distribution Hub","Bandung","Indonesia","HP Inc. Global","United Kingdom","Smart Home Appliance","558","322836.48"
"Brisbane Distribution Hub","Brisbane","Global","Foxconn Technology Group","Global","Computing & Servers","809","315332.02"
"Chicago Distribution Hub","Chicago","United States","Acer Inc. Global","Indonesia","Smart Home Appliance","644","310098.88"
"Paris Distribution Hub","Paris","Global","Kingston Technology","Global","Gaming Console & Accs","645","299428.35"
"Sydney Distribution Hub","Sydney","Global","Western Digital","Global","Gaming Console & Accs","488","296977.28"
"Marseille Distribution Hub","Marseille","Global","HP Inc. Global","United Kingdom","Gaming Console & Accs","920","290287.81"
"Bangalore Distribution Hub","Bangalore","Global","AMD (Advanced Micro Devices)","Global","Electronics","712","270396.24"
"Rio de Janeiro Distribution Hub","Rio de Janeiro","Global","Apple Inc. Global","France","Computing & Servers","537","264794.70"
"Birmingham Distribution Hub","Birmingham","Global","Gigabyte Technology","United Kingdom","Mobile Devices","442","263803.28"
"Bangalore Distribution Hub","Bangalore","Global","MSI (Micro-Star International)","South Korea","Mobile Devices","817","249111.47"
"Bandung Distribution Hub","Bandung","Indonesia","Pegatron Corporation","Global","Electronics","713","246099.08"
"Phoenix Distribution Hub","Phoenix","United States","Wistron Corporation","Global","Mobile Devices","916","221855.20"
"Rio de Janeiro Distribution Hub","Rio de Janeiro","Global","Microsoft Hardware Div.","Canada","Computing & Servers","537","219198.03"
"Beijing Distribution Hub","Beijing","Global","Compal Electronics","France","Mobile Devices","864","213943.68"
"Phoenix Distribution Hub","Phoenix","United States","ASUSTeK Computer Inc.","France","Computing & Servers","509","210374.79"
"Abu Dhabi Distribution Hub","Abu Dhabi","Global","Toshiba Corporation","Global","Computing & Servers","679","198750.09"
"Paris Distribution Hub","Paris","Global","Lenovo Group Ltd.","Turkey","Mobile Devices","808","195697.60"
"Hamburg Distribution Hub","Hamburg","Global","Toshiba Corporation","Global","Smart Home Appliance","1004","189721.82"
"Delhi Distribution Hub","Delhi","Global","Microsoft Hardware Div.","Canada","Gaming Console & Accs","902","189149.40"
"Frankfurt Distribution Hub","Frankfurt","Global","Qualcomm Technologies","Canada","Gaming Console & Accs","576","188461.44"
"Vancouver Distribution Hub","Vancouver","Global","Foxconn Technology Group","Global","Smart Home Appliance","849","185404.62"
"Jurong Distribution Hub","Jurong","Global","Quanta Computer","Global","Mobile Devices","649","184757.32"
"Hyderabad Distribution Hub","Hyderabad","Global","Corsair Gaming","South Korea","Gaming Console & Accs","874","183277.80"
"Rio de Janeiro Distribution Hub","Rio de Janeiro","Global","Logitech International","Global","Mobile Devices","717","177543.54"
"Brisbane Distribution Hub","Brisbane","Global","MSI (Micro-Star International)","South Korea","Electronics","466","176972.82"
"Brisbane Distribution Hub","Brisbane","Global","MSI (Micro-Star International)","South Korea","Smart Home Appliance","804","175577.52"
"Rio de Janeiro Distribution Hub","Rio de Janeiro","Global","Toshiba Corporation","Global","Electronics","487","168092.92"
"Chicago Distribution Hub","Chicago","United States","Microsoft Hardware Div.","Canada","Electronics","869","167056.56"
"Bandung Distribution Hub","Bandung","Indonesia","MSI (Micro-Star International)","South Korea","Gaming Console & Accs","978","155570.46"
"Bandung Distribution Hub","Bandung","Indonesia","MSI (Micro-Star International)","South Korea","Smart Home Appliance","723","150651.51"
"Shenzhen Distribution Hub","Shenzhen","Global","Toshiba Corporation","Global","Mobile Devices","619","149921.80"
"Jakarta Distribution Hub","Jakarta","Indonesia","Lenovo Group Ltd.","Turkey","Mobile Devices","497","141485.96"
"Montreal Distribution Hub","Montreal","Global","Panasonic Corporation","Global","Mobile Devices","611","128481.08"
"Houston Distribution Hub","Houston","United States","Pegatron Corporation","Global","Gaming Console & Accs","585","122674.50"
"Seoul Distribution Hub","Seoul","Global","MSI (Micro-Star International)","South Korea","Smart Home Appliance","580","120854.60"
"Leeds Distribution Hub","Leeds","Global","Panasonic Corporation","Global","Smart Home Appliance","572","119187.64"
"Incheon Distribution Hub","Incheon","Global","Apple Inc. Global","France","Mobile Devices","951","108727.83"
"Hyderabad Distribution Hub","Hyderabad","Global","Corsair Gaming","South Korea","Smart Home Appliance","626","99358.72"
"Brisbane Distribution Hub","Brisbane","Global","NVIDIA Corporation","Indonesia","Smart Home Appliance","604","95866.88"
"Los Angeles Distribution Hub","Los Angeles","United States","Pegatron Corporation","Global","Mobile Devices","817","93407.61"
"Sao Paulo Distribution Hub","Sao Paulo","Global","Western Digital","Global","Gaming Console & Accs","566","90033.62"
"Hamburg Distribution Hub","Hamburg","Global","Razer Inc. Global","Canada","Gaming Console & Accs","562","89397.34"
"Mumbai Distribution Hub","Mumbai","Global","Panasonic Corporation","Global","Mobile Devices","535","80817.10"
"Toronto Distribution Hub","Toronto","Global","Acer Inc. Global","Indonesia","Gaming Console & Accs","415","68765.50"
"Lyon Distribution Hub","Lyon","Global","Pegatron Corporation","Global","Electronics","863","45842.56"
"Nagoya Distribution Hub","Nagoya","Global","Gigabyte Technology","United Kingdom","Mobile Devices","899","37137.69"
"Dubai Distribution Hub","Dubai","Global","Razer Inc. Global","Canada","Gaming Console & Accs","390","29156.40"
"Phoenix Distribution Hub","Phoenix","United States","Logitech International","Global","Gaming Console & Accs","690","28559.10"
"Paris Distribution Hub","Paris","Global","Qualcomm Technologies","Canada","Electronics","779","24982.53"
"Sydney Distribution Hub","Sydney","Global","Toshiba Corporation","Global","Electronics","945","24655.05"
"New York Distribution Hub","New York","United States","Compal Electronics","France","Electronics","725","23250.75"
"Sao Paulo Distribution Hub","Sao Paulo","Global","Western Digital","Global","Electronics","757","19750.13"
"Hyderabad Distribution Hub","Hyderabad","Global","Microsoft Hardware Div.","Canada","Electronics","712","18576.08"
"Vancouver Distribution Hub","Vancouver","Global","Apple Inc. Global","France","Gaming Console & Accs","807","18343.11"
"Chicago Distribution Hub","Chicago","United States","Acer Inc. Global","Indonesia","Electronics","701","18289.09"
"Rio de Janeiro Distribution Hub","Rio de Janeiro","Global","Seagate Technology","Global","Electronics","553","17734.71"
