id_barang_sk;nama_barang;merek;kategori;subkategori;total_unit_terjual;jumlah_hari_aktif_transaksi;rata_rata_biaya_per_unit;total_valuasi_aset_mengendap;turnover_ratio;label_klaster;kategori_klaster
26315;Apple Then 34270110;Apple;Computing & Servers;general;253;87;1082,62;64831629,0;0,01;2;Cluster C (Capital Traps)
26316;Asus Find 38489495;Asus;Computing & Servers;general;516;134;451,47;17851031,0;0,0492;0;Cluster A (Fast-Moving)
26317;Samsung Low 79975186;Samsung;Mobile Devices;general;240;84;420,51;11759793,0;0,0234;0;Cluster A (Fast-Moving)
26318;Acer Assume 25164343;Acer;Gaming Console & Accs;general;140;51;1009,46;35302892,0;0,0068;2;Cluster C (Capital Traps)
26319;Dell Third 39993236;Dell;Smart Home Appliance;general;2413;499;1396,34;413461696,0;0,0917;1;Cluster B (Routine)
26320;Lenovo Phone 80856757;Lenovo;Smart Home Appliance;general;1336;304;1284,38;162736728,0;0,0709;1;Cluster B (Routine)
26321;Logitech Energy 83102585;Logitech;Computing & Servers;general;287;98;615,49;32792415,0;0,0163;0;Cluster A (Fast-Moving)
26322;Asus Program 92192980;Asus;Gaming Console & Accs;general;365;126;994,49;83699770,0;0,0151;2;Cluster C (Capital Traps)
26323;Acer Mr 48791106;Acer;Gaming Console & Accs;general;417;127;500,17;21995500,0;0,0324;0;Cluster A (Fast-Moving)
26324;Dell Happen 56883992;Dell;Electronics;general;2333;491;1069,37;277854480,0;0,1021;1;Cluster B (Routine)
26325;Cisco Really 02639703;Cisco;Computing & Servers;general;896;247;881,83;132308820,0;0,0388;1;Cluster B (Routine)
26326;Samsung Rest 43978311;Samsung;Electronics;general;311;100;1407,73;70798464,0;0,0176;2;Cluster C (Capital Traps)
26327;HP Then 04216612;HP;Electronics;general;552;167;1157,84;106592742,0;0,0249;2;Cluster C (Capital Traps)
26328;Logitech Just 27574232;Logitech;Computing & Servers;general;462;125;292,71;11160663,0;0,0403;0;Cluster A (Fast-Moving)
26329;Apple Over 96465578;Apple;Mobile Devices;general;2191;531;1065,97;296328812,0;0,0898;1;Cluster B (Routine)
26330;Asus Tax 54254169;Asus;Gaming Console & Accs;general;805;223;1360,5;110201531,0;0,0479;2;Cluster C (Capital Traps)
26331;Asus Idea 54285033;Asus;Smart Home Appliance;general;119;60;481,52;21022912,0;0,0051;0;Cluster A (Fast-Moving)
26332;Sony Smile 49423563;Sony;Gaming Console & Accs;general;215;83;206,07;7971994,0;0,0135;0;Cluster A (Fast-Moving)
26333;Samsung Fine 43756667;Samsung;Gaming Console & Accs;general;149;55;467,3;19403850,0;0,007;0;Cluster A (Fast-Moving)
26334;Logitech Grow 89922088;Logitech;Mobile Devices;general;2286;499;41,31;9574238,0;0,1113;1;Cluster B (Routine)
26335;Logitech Attention 81448517;Logitech;Electronics;general;1078;258;416,27;25464192,0;0,1133;1;Cluster B (Routine)
26336;Acer Raise 93332088;Acer;Mobile Devices;general;145;63;1465,11;70618860,0;0,0057;2;Cluster C (Capital Traps)
26337;Logitech Talk 15126245;Logitech;Gaming Console & Accs;general;370;97;1087,01;30176207,0;0,0382;2;Cluster C (Capital Traps)
26338;Lenovo Without 12394821;Lenovo;Computing & Servers;general;154;57;204,35;8503128,0;0,0076;0;Cluster A (Fast-Moving)
26339;HP Run 11400035;HP;Gaming Console & Accs;general;3383;655;165,7;50562604,0;0,157;1;Cluster B (Routine)
26340;Lenovo Remember 82618704;Lenovo;Computing & Servers;general;1570;377;1219,15;283483326,0;0,058;1;Cluster B (Routine)
26341;Cisco Line 09845312;Cisco;Electronics;general;173;45;878,8;15114405,0;0,0191;2;Cluster C (Capital Traps)
26342;Sony Very 07373503;Sony;Smart Home Appliance;general;122;32;404,84;5972130,0;0,0132;0;Cluster A (Fast-Moving)
26343;Dell Attack 96758625;Dell;Computing & Servers;general;193;45;1469,38;32185790,0;0,0169;2;Cluster C (Capital Traps)
26344;Samsung Their 42965022;Samsung;Mobile Devices;general;2470;512;1238,15;266111814,0;0,118;1;Cluster B (Routine)
26345;Logitech Natural 69473944;Logitech;Gaming Console & Accs;general;1123;266;328,93;49817838,0;0,0456;1;Cluster B (Routine)
26346;Logitech Your 28789741;Logitech;Mobile Devices;general;399;95;700,81;20108185,0;0,0395;0;Cluster A (Fast-Moving)
26347;Cisco It 40400440;Cisco;Gaming Console & Accs;general;411;107;301,56;9842784,0;0,0367;0;Cluster A (Fast-Moving)
26348;Logitech Defense 76130144;Logitech;Computing & Servers;general;163;52;274,6;5713950,0;0,0158;0;Cluster A (Fast-Moving)
26349;Logitech Draw 75968229;Logitech;Gaming Console & Accs;general;2500;525;953,52;134327970,0;0,1956;1;Cluster B (Routine)
26350;Cisco Enough 83624001;Cisco;Electronics;general;1033;276;1447,09;95866644,0;0,0949;1;Cluster B (Routine)
26351;Dell Improve 07982941;Dell;Smart Home Appliance;general;369;123;468,4;31841784,0;0,017;0;Cluster A (Fast-Moving)
26352;Asus Have 14988202;Asus;Electronics;general;163;54;379,77;11986340,0;0,0101;0;Cluster A (Fast-Moving)
26353;Asus Plant 52404382;Asus;Smart Home Appliance;general;116;34;178,78;2912330,0;0,0116;0;Cluster A (Fast-Moving)
26354;Logitech Per 04182689;Logitech;Smart Home Appliance;general;2687;555;1322,67;210424473,0;0,1963;1;Cluster B (Routine)
26355;Samsung Teacher 13796457;Samsung;Electronics;general;1078;267;503,72;42869232,0;0,0778;1;Cluster B (Routine)
26356;Apple Quality 82286231;Apple;Electronics;general;227;82;932,5;57872124,0;0,0087;2;Cluster C (Capital Traps)
26357;Logitech Vote 59900313;Logitech;Electronics;general;252;66;1445,82;49489350,0;0,0167;2;Cluster C (Capital Traps)
26358;Lenovo Network 84867575;Lenovo;Electronics;general;460;117;91,27;3337152,0;0,0448;0;Cluster A (Fast-Moving)
26359;Acer Prepare 77067319;Acer;Mobile Devices;general;3555;682;210,28;58509570,0;0,1895;1;Cluster B (Routine)
26360;Samsung Likely 81375820;Samsung;Computing & Servers;general;1668;399;802,3;214712242,0;0,0584;1;Cluster B (Routine)
26361;HP Long 57038735;HP;Smart Home Appliance;general;405;123;1087,75;85016320,0;0,0178;2;Cluster C (Capital Traps)
26362;Apple Building 73198468;Apple;Electronics;general;360;99;345,16;16706280,0;0,0201;0;Cluster A (Fast-Moving)
26363;Logitech Couple 80962687;Logitech;Computing & Servers;general;163;47;1454,0;29225400,0;0,0158;2;Cluster C (Capital Traps)
26364;Logitech Officer 56397239;Logitech;Computing & Servers;general;3145;620;413,31;90208699,0;0,1753;1;Cluster B (Routine)
26365;Asus Chance 10986851;Asus;Computing & Servers;general;1138;303;49,04;4131190,0;0,0944;1;Cluster B (Routine)
26366;Apple Program 12401031;Apple;Electronics;general;438;120;459,9;17635480,0;0,0386;0;Cluster A (Fast-Moving)
26367;Dell Street 47389892;Dell;Electronics;general;545;137;397,53;15447574,0;0,0538;0;Cluster A (Fast-Moving)
26368;Lenovo North 22268518;Lenovo;Gaming Console & Accs;general;636;160;457,31;19494249,0;0,0627;0;Cluster A (Fast-Moving)
26369;Apple Campaign 87327014;Apple;Smart Home Appliance;general;2292;500;208,37;45143072,0;0,1125;1;Cluster B (Routine)
26370;Apple Center 31126373;Apple;Mobile Devices;general;1137;292;588,28;96303228,0;0,0468;1;Cluster B (Routine)
26371;Logitech Effect 60271747;Logitech;Gaming Console & Accs;general;239;66;1293,76;55670468,0;0,0121;2;Cluster C (Capital Traps)
26372;Lenovo Through 21226274;Lenovo;Mobile Devices;general;90;32;594,98;12064815,0;0,0064;0;Cluster A (Fast-Moving)
26373;Cisco Choice 77430557;Cisco;Gaming Console & Accs;general;140;46;1436,49;26242900,0;0,0148;2;Cluster C (Capital Traps)
26374;HP Leg 57165370;HP;Mobile Devices;general;2745;571;439,95;145997720,0;0,1066;1;Cluster B (Routine)
26375;Logitech Common 27213513;Logitech;Gaming Console & Accs;general;1449;349;521,58;96553818,0;0,0582;1;Cluster B (Routine)
26376;Lenovo Measure 62240277;Lenovo;Smart Home Appliance;general;517;130;76,0;3174444,0;0,0452;0;Cluster A (Fast-Moving)
26377;Samsung Citizen 82009250;Samsung;Computing & Servers;general;597;145;1249,67;92007500,0;0,0309;2;Cluster C (Capital Traps)
26378;Sony House 43653263;Sony;Smart Home Appliance;general;189;55;1019,21;21683301,0;0,019;2;Cluster C (Capital Traps)
26379;Logitech Main 18073492;Logitech;Smart Home Appliance;general;2353;500;1357,19;268737566,0;0,1144;1;Cluster B (Routine)
26380;Logitech Benefit 10871942;Logitech;Gaming Console & Accs;general;1254;292;1139,85;153596760,0;0,0551;1;Cluster B (Routine)
26381;Lenovo Four 20470708;Lenovo;Mobile Devices;general;470;140;1468,9;125575996,0;0,0207;2;Cluster C (Capital Traps)
26382;Acer Attorney 72299333;Acer;Computing & Servers;general;183;58;855,33;27348885,0;0,0123;2;Cluster C (Capital Traps)
26383;Dell Cup 50675074;Dell;Mobile Devices;general;84;53;1293,44;50308044,0;0,0039;2;Cluster C (Capital Traps)
26384;HP Part 24810432;HP;Electronics;general;3330;680;1475,72;376437564,0;0,1898;1;Cluster B (Routine)
26385;Samsung Store 62416061;Samsung;Computing & Servers;general;1675;392;872,42;173378888,0;0,0769;1;Cluster B (Routine)
26386;Cisco Despite 70457100;Cisco;Smart Home Appliance;general;269;73;1252,19;30299652,0;0,0268;2;Cluster C (Capital Traps)
26387;Logitech Keep 62754392;Logitech;Computing & Servers;general;332;95;127,58;3444864,0;0,0365;0;Cluster A (Fast-Moving)
26388;Apple Executive 75324278;Apple;Gaming Console & Accs;general;379;122;327,19;11880891,0;0,0342;0;Cluster A (Fast-Moving)
26389;Apple Alone 20697853;Apple;Computing & Servers;general;2418;564;408,19;130593456,0;0,1074;1;Cluster B (Routine)
26390;Samsung Commercial 08831446;Samsung;Mobile Devices;general;1293;358;1038,72;230855410,0;0,0481;1;Cluster B (Routine)
26391;Cisco Establish 15338181;Cisco;Electronics;general;145;50;366,34;8281116,0;0,0132;0;Cluster A (Fast-Moving)
26392;Asus Might 08454003;Asus;Smart Home Appliance;general;101;39;218,38;7514242,0;0,0049;0;Cluster A (Fast-Moving)
26393;Asus Consumer 75886165;Asus;Electronics;general;305;79;157,36;4116540,0;0,0295;0;Cluster A (Fast-Moving)
26394;Dell Center 57760834;Dell;Electronics;general;3874;734;1111,92;427607368,0;0,1502;1;Cluster B (Routine)
26395;Cisco Through 85444188;Cisco;Computing & Servers;general;1660;379;610,22;66812690,0;0,1079;1;Cluster B (Routine)
26396;Apple Major 61262782;Apple;Computing & Servers;general;323;80;888,4;24910176,0;0,0296;2;Cluster C (Capital Traps)
26397;Sony Image 87026627;Sony;Electronics;general;511;127;664,45;52208992,0;0,022;0;Cluster A (Fast-Moving)
26398;Asus Factor 64983875;Asus;Gaming Console & Accs;general;386;121;922,17;53760898,0;0,0212;2;Cluster C (Capital Traps)
26399;Cisco Condition 02449555;Cisco;Computing & Servers;general;2884;644;493,1;205395632,0;0,1023;1;Cluster B (Routine)
26400;Sony Mrs 90255618;Sony;Gaming Console & Accs;general;1215;311;413,24;71038891,0;0,0472;1;Cluster B (Routine)
26401;Acer Five 94619027;Acer;Computing & Servers;general;390;100;236,51;8784168,0;0,032;0;Cluster A (Fast-Moving)
26402;Apple Series 99565206;Apple;Computing & Servers;general;132;47;1116,29;22372452,0;0,0129;2;Cluster C (Capital Traps)
26403;Acer Service 71335629;Acer;Gaming Console & Accs;general;487;113;1375,26;55273625,0;0,0362;2;Cluster C (Capital Traps)
26404;Acer Particularly 53106384;Acer;Computing & Servers;general;2712;590;1478,22;640268122,0;0,0917;1;Cluster B (Routine)
26405;Asus Name 92901650;Asus;Smart Home Appliance;general;1292;312;1142,1;122575428,0;0,0871;1;Cluster B (Routine)
26406;Asus Provide 30814691;Asus;Mobile Devices;general;232;62;877,39;25524208,0;0,0183;2;Cluster C (Capital Traps)
26407;Dell Trouble 35158813;Dell;Computing & Servers;general;261;78;796,01;20301184,0;0,0258;2;Cluster C (Capital Traps)
26408;HP Bank 64203546;HP;Smart Home Appliance;general;345;82;1240,53;31804348,0;0,0352;2;Cluster C (Capital Traps)
26409;Dell Sound 03910733;Dell;Mobile Devices;general;2707;569;793,21;201096870,0;0,1224;1;Cluster B (Routine)
26410;Sony Easy 12783779;Sony;Smart Home Appliance;general;1391;336;928,73;150843588,0;0,0744;1;Cluster B (Routine)
26411;HP Responsibility 76196898;HP;Mobile Devices;general;356;114;1091,09;36329209,0;0,0352;2;Cluster C (Capital Traps)
26412;Acer Sit 85911819;Acer;Smart Home Appliance;general;434;121;1282,12;81065988,0;0,0231;2;Cluster C (Capital Traps)
26413;HP Ever 69516375;HP;Smart Home Appliance;general;394;90;768,0;22426368,0;0,0374;2;Cluster C (Capital Traps)
26414;Samsung Suffer 93050678;Samsung;Smart Home Appliance;general;3242;660;1052,31;242686932,0;0,2065;1;Cluster B (Routine)
26415;Logitech Career 12885916;Logitech;Mobile Devices;general;1442;335;64,67;9877660,0;0,0657;1;Cluster B (Routine)
26416;Apple Management 60896940;Apple;Computing & Servers;general;210;61;357,07;7623378,0;0,022;0;Cluster A (Fast-Moving)
26417;Lenovo Herself 59351337;Lenovo;Gaming Console & Accs;general;480;119;464,23;31564064,0;0,023;0;Cluster A (Fast-Moving)
26418;Apple Season 25945324;Apple;Electronics;general;390;98;369,39;11521287,0;0,0358;0;Cluster A (Fast-Moving)
26419;Lenovo Seem 15645777;Lenovo;Computing & Servers;general;2242;527;850,94;256456509,0;0,0853;1;Cluster B (Routine)
26420;Samsung Order 06289706;Samsung;Mobile Devices;general;969;261;942,67;142730594,0;0,0412;1;Cluster B (Routine)
26421;Sony Quickly 57267012;Sony;Mobile Devices;general;339;109;284,68;10533600,0;0,0269;0;Cluster A (Fast-Moving)
26422;Acer Its 66972839;Acer;Gaming Console & Accs;general;339;107;608,56;41125161,0;0,0149;0;Cluster A (Fast-Moving)
26423;Sony Very 03437384;Sony;Gaming Console & Accs;general;428;116;1395,19;45407250,0;0,0437;2;Cluster C (Capital Traps)
26424;Cisco Stage 09737846;Cisco;Computing & Servers;general;3005;599;389,78;166684830,0;0,0907;1;Cluster B (Routine)
26425;Dell Few 20723750;Dell;Mobile Devices;general;1321;315;1033,17;92529942,0;0,0981;1;Cluster B (Routine)
26426;Logitech Full 12654307;Logitech;Mobile Devices;general;186;79;1295,44;75209715,0;0,0078;2;Cluster C (Capital Traps)
26427;HP Account 41748947;HP;Gaming Console & Accs;general;445;139;1201,51;62410244,0;0,0277;2;Cluster C (Capital Traps)
26428;Logitech Green 02819440;Logitech;Mobile Devices;general;527;162;596,84;65933874,0;0,0187;0;Cluster A (Fast-Moving)
26429;Apple Give 84137418;Apple;Electronics;general;3354;672;748,76;222061273,0;0,1687;1;Cluster B (Routine)
26430;Cisco Left 89636152;Cisco;Gaming Console & Accs;general;1298;304;22,73;1887127,0;0,1069;1;Cluster B (Routine)
26431;Logitech Whom 70554991;Logitech;Electronics;general;149;53;871,2;37930308,0;0,0068;2;Cluster C (Capital Traps)
26432;Apple Information 68500337;Apple;Mobile Devices;general;413;121;151,06;10271473,0;0,0187;0;Cluster A (Fast-Moving)
26433;Cisco Laugh 88758527;Cisco;Electronics;general;150;46;256,77;5650916,0;0,0135;0;Cluster A (Fast-Moving)
26434;Cisco Prove 03403303;Cisco;Mobile Devices;general;3082;629;425,79;189435810,0;0,0997;1;Cluster B (Routine)
26435;Lenovo It 60701497;Lenovo;Smart Home Appliance;general;1313;335;1105,38;182951535,0;0,0652;1;Cluster B (Routine)
26436;Sony Push 04555711;Sony;Electronics;general;405;106;1254,83;50754710,0;0,0326;2;Cluster C (Capital Traps)
26437;HP Arrive 25114263;HP;Smart Home Appliance;general;231;58;1484,8;30057885,0;0,024;2;Cluster C (Capital Traps)
26438;Apple Build 03695609;Apple;Electronics;general;291;100;1316,51;74787162,0;0,0149;2;Cluster C (Capital Traps)
26439;Acer Must 27952023;Acer;Gaming Console & Accs;general;3003;619;74,76;12696900,0;0,2069;1;Cluster B (Routine)
26440;Logitech Trip 53833075;Logitech;Gaming Console & Accs;general;1509;354;1411,45;250164656,0;0,0672;1;Cluster B (Routine)
26441;Asus Simple 79023498;Asus;Gaming Console & Accs;general;519;138;507,05;18863442,0;0,0533;0;Cluster A (Fast-Moving)
26442;HP Analysis 35925781;HP;Electronics;general;456;128;952,27;36870960,0;0,044;2;Cluster C (Capital Traps)
26443;HP Hundred 98781942;HP;Computing & Servers;general;256;84;872,41;24089872,0;0,0245;2;Cluster C (Capital Traps)
26444;Asus Painting 86840217;Asus;Electronics;general;3399;682;921,17;198997707,0;0,2411;1;Cluster B (Routine)
26445;HP Ability 95791272;HP;Electronics;general;1500;361;1381,22;265258337,0;0,0715;1;Cluster B (Routine)
26446;Lenovo Key 39401915;Lenovo;Electronics;general;190;59;1284,13;27440364,0;0,0193;2;Cluster C (Capital Traps)
26447;Sony High 50557295;Sony;Computing & Servers;general;322;80;891,17;23086701,0;0,0332;2;Cluster C (Capital Traps)
26448;Asus All 47862029;Asus;Computing & Servers;general;168;44;405,92;8153292,0;0,0156;0;Cluster A (Fast-Moving)
26449;Asus Control 01629392;Asus;Smart Home Appliance;general;2624;548;720,81;246486828,0;0,0972;1;Cluster B (Routine)
26450;Lenovo Gas 28045892;Lenovo;Mobile Devices;general;1209;298;1402,21;203445622,0;0,0539;1;Cluster B (Routine)
26451;Sony Character 54866638;Sony;Electronics;general;275;91;936,81;56059773,0;0,012;2;Cluster C (Capital Traps)
26452;Asus Modern 91452085;Asus;Computing & Servers;general;151;55;633,06;22581009,0;0,0083;0;Cluster A (Fast-Moving)
26453;Acer Tend 28975250;Acer;Smart Home Appliance;general;313;73;1346,11;29353568,0;0,0342;2;Cluster C (Capital Traps)
26454;Cisco Rate 29343553;Cisco;Computing & Servers;general;2981;549;781,71;126384494,0;0,2094;1;Cluster B (Routine)
26455;Apple Imagine 75478674;Apple;Gaming Console & Accs;general;1224;281;1026,79;79070784,0;0,1012;1;Cluster B (Routine)
26456;Dell Career 67861866;Dell;Electronics;general;361;95;904,33;25142952,0;0,0388;2;Cluster C (Capital Traps)
26457;Cisco Above 68518851;Cisco;Gaming Console & Accs;general;297;78;1235,14;31030610,0;0,0287;2;Cluster C (Capital Traps)
26458;Logitech Month 41957899;Logitech;Smart Home Appliance;general;300;86;167,66;4586400,0;0,0298;0;Cluster A (Fast-Moving)
26459;Lenovo Republican 36811533;Lenovo;Gaming Console & Accs;general;3356;677;41,39;13149397,0;0,1593;1;Cluster B (Routine)
26460;Asus Physical 96418222;Asus;Mobile Devices;general;1493;367;840,95;165104279,0;0,0678;1;Cluster B (Routine)
26461;Sony Rich 61733374;Sony;Gaming Console & Accs;general;144;59;834,74;35731320,0;0,0068;2;Cluster C (Capital Traps)
26462;Sony Movie 42491361;Sony;Computing & Servers;general;87;38;814,61;24231580,0;0,0046;2;Cluster C (Capital Traps)
26463;Acer Far 03294659;Acer;Computing & Servers;general;108;34;1413,67;33089014,0;0,0071;2;Cluster C (Capital Traps)
26464;Samsung Affect 19015385;Samsung;Electronics;general;3573;713;1370,28;579940180,0;0,1237;1;Cluster B (Routine)
26465;Dell Each 86901666;Dell;Computing & Servers;general;1639;402;880,29;89646480,0;0,131;1;Cluster B (Routine)
26466;Acer Especially 64817828;Acer;Computing & Servers;general;173;80;197,09;8465090,0;0,0088;0;Cluster A (Fast-Moving)
26467;Asus Performance 50761234;Asus;Smart Home Appliance;general;350;101;645,86;40656010,0;0,0151;0;Cluster A (Fast-Moving)
26468;Acer Southern 47815629;Acer;Computing & Servers;general;141;55;690,25;25998510,0;0,0072;0;Cluster A (Fast-Moving)
26469;HP Necessary 98628131;HP;Gaming Console & Accs;general;3131;654;810,21;362143710,0;0,1015;1;Cluster B (Routine)
26470;Lenovo Radio 70137217;Lenovo;Computing & Servers;general;1352;356;1424,21;320089568,0;0,0509;1;Cluster B (Routine)
26471;Samsung Once 93533232;Samsung;Mobile Devices;general;341;108;247,62;14497088,0;0,0165;0;Cluster A (Fast-Moving)
26472;Cisco Power 14988400;Cisco;Electronics;general;156;53;420,29;9236640,0;0,0151;0;Cluster A (Fast-Moving)
26473;Cisco Window 73697350;Cisco;Mobile Devices;general;386;81;242,46;5891490,0;0,0414;0;Cluster A (Fast-Moving)
26474;Samsung Officer 62994101;Samsung;Smart Home Appliance;general;2190;517;1330,01;355237680,0;0,112;1;Cluster B (Routine)
26475;Apple Business 74825622;Apple;Computing & Servers;general;752;225;665,6;46578042,0;0,0544;1;Cluster B (Routine)
26476;Dell Collection 81102839;Dell;Smart Home Appliance;general;196;77;779,91;38191920,0;0,0086;2;Cluster C (Capital Traps)
26477;Acer Thought 07666834;Acer;Computing & Servers;general;338;120;1284,04;72976140,0;0,02;2;Cluster C (Capital Traps)
26478;Logitech Bank 34013113;Logitech;Computing & Servers;general;262;92;562,6;37852742,0;0,0115;0;Cluster A (Fast-Moving)
26479;Acer Still 31912624;Acer;Mobile Devices;general;3741;663;898,43;195630198,0;0,2339;1;Cluster B (Routine)
26480;Asus Information 81597130;Asus;Mobile Devices;general;1644;391;785,34;140399605,0;0,0772;1;Cluster B (Routine)
26481;Apple Table 53660251;Apple;Computing & Servers;general;405;124;1204,75;48754300,0;0,0315;2;Cluster C (Capital Traps)
26482;Acer Then 48215435;Acer;Gaming Console & Accs;general;372;123;784,02;36360352,0;0,0263;2;Cluster C (Capital Traps)
26483;Dell Authority 29278961;Dell;Computing & Servers;general;636;155;57,91;6346418,0;0,0243;0;Cluster A (Fast-Moving)
26484;Logitech Capital 15840776;Logitech;Smart Home Appliance;general;2595;550;1214,28;184098244,0;0,1771;1;Cluster B (Routine)
26485;Acer Believe 98370184;Acer;Gaming Console & Accs;general;1333;337;1113,57;201064746,0;0,0571;1;Cluster B (Routine)
26486;Apple Thing 23962484;Apple;Electronics;general;203;57;572,82;18554313,0;0,0125;0;Cluster A (Fast-Moving)
26487;Dell Learn 22394651;Dell;Smart Home Appliance;general;53;35;158,72;3864813,0;0,0035;0;Cluster A (Fast-Moving)
26488;Lenovo Even 95701479;Lenovo;Gaming Console & Accs;general;302;107;1377,4;85003587,0;0,0135;2;Cluster C (Capital Traps)
26489;Sony Practice 76082788;Sony;Mobile Devices;general;3728;708;941,59;361971978,0;0,1654;1;Cluster B (Routine)
26490;Asus Too 81890590;Asus;Electronics;general;1671;413;753,74;93358018,0;0,1262;1;Cluster B (Routine)
26491;Dell Down 37677824;Dell;Mobile Devices;general;298;84;1258,42;35406410,0;0,0297;2;Cluster C (Capital Traps)
26492;Apple Like 03559437;Apple;Mobile Devices;general;418;135;1271,12;94195081,0;0,0205;2;Cluster C (Capital Traps)
26493;Acer His 61815285;Acer;Gaming Console & Accs;general;463;137;581,47;30702945,0;0,0293;0;Cluster A (Fast-Moving)
26494;Lenovo Develop 14319082;Lenovo;Mobile Devices;general;2934;624;1113,7;349021770,0;0,1289;1;Cluster B (Routine)
26495;Samsung Somebody 41971444;Samsung;Mobile Devices;general;1142;281;968,79;102364191,0;0,0702;1;Cluster B (Routine)
26496;Lenovo Sometimes 79327114;Lenovo;Gaming Console & Accs;general;202;71;1168,13;50075664,0;0,0118;2;Cluster C (Capital Traps)
26497;Dell Heavy 53773029;Dell;Computing & Servers;general;104;44;63,12;2037987,0;0,0054;0;Cluster A (Fast-Moving)
26498;Asus Speech 04532095;Asus;Computing & Servers;general;229;89;1106,27;66498250,0;0,0093;2;Cluster C (Capital Traps)
26499;Cisco Site 13387846;Cisco;Smart Home Appliance;general;2861;596;345,24;100737240,0;0,1274;1;Cluster B (Routine)
26500;Acer Follow 64822556;Acer;Electronics;general;1414;347;728,17;111177248,0;0,0721;1;Cluster B (Routine)
26501;HP Accept 11684190;HP;Mobile Devices;general;550;138;1203,11;44382279,0;0,0553;2;Cluster C (Capital Traps)
26502;Samsung Beyond 18678895;Samsung;Smart Home Appliance;general;463;138;909,18;47966112,0;0,0286;2;Cluster C (Capital Traps)
26503;Lenovo Control 64999579;Lenovo;Electronics;general;369;118;1352,82;85965561,0;0,0189;2;Cluster C (Capital Traps)
26504;Sony Want 83246180;Sony;Smart Home Appliance;general;2516;556;693,47;246114792,0;0,0919;1;Cluster B (Routine)
26505;Samsung Time 88704890;Samsung;Electronics;general;1152;282;343,16;36447523,0;0,0757;1;Cluster B (Routine)
26506;Samsung Where 87898217;Samsung;Computing & Servers;general;144;48;1419,2;44773707,0;0,0082;2;Cluster C (Capital Traps)
26507;Lenovo Defense 44878320;Lenovo;Smart Home Appliance;general;168;63;1094,21;37803170,0;0,0097;2;Cluster C (Capital Traps)
26508;HP Important 81948222;HP;Computing & Servers;general;164;53;474,23;16126428,0;0,009;0;Cluster A (Fast-Moving)
26509;Samsung Expect 25564082;Samsung;Electronics;general;2827;573;53,12;10714268,0;0,1676;1;Cluster B (Routine)
26510;HP Nice 22270917;HP;Computing & Servers;general;1235;330;1013,59;188986278,0;0,0507;1;Cluster B (Routine)
26511;Sony Language 19530307;Sony;Mobile Devices;general;381;112;242,2;15890446,0;0,0178;0;Cluster A (Fast-Moving)
26512;Samsung Himself 90113239;Samsung;Gaming Console & Accs;general;412;107;690,46;32225070,0;0,0272;0;Cluster A (Fast-Moving)
26513;Logitech Mother 59835967;Logitech;Electronics;general;402;100;1341,49;58350933,0;0,0279;2;Cluster C (Capital Traps)
26514;Dell Page 02707570;Dell;Mobile Devices;general;3306;673;549,57;105798000,0;0,218;1;Cluster B (Routine)
26515;Logitech Street 06690281;Logitech;Mobile Devices;general;1541;374;407,79;59781384,0;0,0845;1;Cluster B (Routine)
26516;Acer Property 69256486;Acer;Smart Home Appliance;general;289;103;1061,64;53165844,0;0,018;2;Cluster C (Capital Traps)
26517;HP Treatment 46623850;HP;Gaming Console & Accs;general;383;92;192,07;5277696,0;0,0386;0;Cluster A (Fast-Moving)
26518;Apple May 68724078;Apple;Gaming Console & Accs;general;243;59;1259,08;28050520,0;0,0233;2;Cluster C (Capital Traps)
26519;HP Easy 06170622;HP;Mobile Devices;general;3413;671;621,25;307129833,0;0,1056;1;Cluster B (Routine)
26520;Logitech Able 49012200;Logitech;Mobile Devices;general;1614;382;304,91;47331425,0;0,0854;1;Cluster B (Routine)
26521;Apple Data 62446822;Apple;Gaming Console & Accs;general;363;123;1026,38;34341246,0;0,036;2;Cluster C (Capital Traps)
26522;Acer Pay 94763959;Acer;Gaming Console & Accs;general;458;119;647,81;24069960,0;0,043;0;Cluster A (Fast-Moving)
26523;Cisco Along 98921409;Cisco;Gaming Console & Accs;general;570;165;1455,08;101135595,0;0,0325;2;Cluster C (Capital Traps)
26524;Apple Person 95887197;Apple;Electronics;general;2552;509;1318,57;201963961,0;0,183;1;Cluster B (Routine)
26525;Sony Need 70860665;Sony;Gaming Console & Accs;general;921;235;510,59;42392049,0;0,0644;1;Cluster B (Routine)
26526;Acer Major 86312691;Acer;Mobile Devices;general;50;29;1182,67;29481543,0;0,0027;2;Cluster C (Capital Traps)
26527;Samsung Image 94126372;Samsung;Electronics;general;367;104;658,54;33232052,0;0,0208;0;Cluster A (Fast-Moving)
26528;Samsung Red 72747407;Samsung;Mobile Devices;general;350;123;255,83;13273600,0;0,0228;0;Cluster A (Fast-Moving)
26529;Lenovo Cause 75247348;Lenovo;Mobile Devices;general;2317;464;907,59;104261100,0;0,2144;1;Cluster B (Routine)
26530;Cisco Already 04637103;Cisco;Mobile Devices;general;1226;286;1291,89;93649328,0;0,1034;1;Cluster B (Routine)
26531;Acer Truth 70532562;Acer;Gaming Console & Accs;general;197;69;1350,6;61806899,0;0,0089;2;Cluster C (Capital Traps)
26532;Sony Business 84824820;Sony;Gaming Console & Accs;general;188;64;773,7;29703798,0;0,011;2;Cluster C (Capital Traps)
26533;HP Interest 66737117;HP;Computing & Servers;general;212;68;677,95;30674754,0;0,0103;0;Cluster A (Fast-Moving)
26534;HP Part 23476585;HP;Smart Home Appliance;general;2702;570;994,51;169113185,0;0,1666;1;Cluster B (Routine)
26535;Sony Through 68304737;Sony;Mobile Devices;general;1019;282;1314,73;170675165,0;0,0494;1;Cluster B (Routine)
26536;Logitech Charge 18255188;Logitech;Gaming Console & Accs;general;176;65;1027,18;35609171,0;0,0103;2;Cluster C (Capital Traps)
26537;Apple Toward 99501754;Apple;Gaming Console & Accs;general;284;91;159,07;9096708,0;0,0137;0;Cluster A (Fast-Moving)
26538;Sony Necessary 36369928;Sony;Computing & Servers;general;455;106;1280,86;39535503,0;0,0457;2;Cluster C (Capital Traps)
26539;Lenovo Cell 07742392;Lenovo;Gaming Console & Accs;general;3136;635;1186,07;227512752,0;0,1867;1;Cluster B (Routine)
26540;Dell Sea 48987226;Dell;Gaming Console & Accs;general;1222;337;733,96;137056150,0;0,0552;1;Cluster B (Routine)
26541;Dell Now 45577444;Dell;Mobile Devices;general;125;31;660,61;10424631,0;0,0125;0;Cluster A (Fast-Moving)
26542;Samsung Thus 93914543;Samsung;Smart Home Appliance;general;271;116;733,24;53550048,0;0,0113;0;Cluster A (Fast-Moving)
26543;Samsung Your 58354599;Samsung;Electronics;general;278;82;192,24;6561984,0;0,0193;0;Cluster A (Fast-Moving)
26544;Apple Prepare 78697133;Apple;Computing & Servers;general;4118;712;214,41;65265292,0;0,1866;1;Cluster B (Routine)
26545;Dell You 66929079;Dell;Mobile Devices;general;1869;417;775,65;76971440,0;0,1714;1;Cluster B (Routine)
26546;Asus High 33632933;Asus;Mobile Devices;general;190;62;1492,41;44533216,0;0,0144;2;Cluster C (Capital Traps)
26547;Dell Memory 02079639;Dell;Mobile Devices;general;323;75;475,49;12079725,0;0,0314;0;Cluster A (Fast-Moving)
26548;Apple Above 91690838;Apple;Mobile Devices;general;222;50;1411,08;29254263,0;0,021;2;Cluster C (Capital Traps)
26549;Cisco Opportunity 60512505;Cisco;Computing & Servers;general;2947;628;97,98;37283806,0;0,1189;1;Cluster B (Routine)
26550;Samsung Blue 53114501;Samsung;Mobile Devices;general;1255;336;526,66;63193624,0;0,0712;1;Cluster B (Routine)
26551;Dell Environment 24689946;Dell;Computing & Servers;general;113;52;1486,95;59256950,0;0,0052;2;Cluster C (Capital Traps)
26552;Lenovo Road 05891504;Lenovo;Gaming Console & Accs;general;169;60;209,7;6486060,0;0,0109;0;Cluster A (Fast-Moving)
26553;Sony Difference 26048574;Sony;Electronics;general;251;67;118,57;2851597,0;0,0239;0;Cluster A (Fast-Moving)
26554;HP Sea 59276722;HP;Mobile Devices;general;3051;581;945,21;242776170,0;0,1515;1;Cluster B (Routine)
26555;Asus Create 36486960;Asus;Gaming Console & Accs;general;1618;374;255,03;49592400,0;0,0703;1;Cluster B (Routine)
26556;Apple Little 76569425;Apple;Mobile Devices;general;114;52;1079,8;26076600,0;0,0089;2;Cluster C (Capital Traps)
26557;Sony Wonder 49576269;Sony;Electronics;general;324;111;26,09;1668134,0;0,0143;0;Cluster A (Fast-Moving)
26558;Dell Account 38825514;Dell;Smart Home Appliance;general;357;102;580,5;17033177,0;0,0369;0;Cluster A (Fast-Moving)
26559;Samsung Investment 08898951;Samsung;Electronics;general;2509;523;32,07;9322496,0;0,0987;1;Cluster B (Routine)
26560;Sony Executive 10773437;Sony;Electronics;general;1147;296;673,18;101402929,0;0,0536;1;Cluster B (Routine)
26561;Logitech Something 28509943;Logitech;Smart Home Appliance;general;398;116;578,56;40137438,0;0,018;0;Cluster A (Fast-Moving)
26562;Samsung Stand 73415022;Samsung;Smart Home Appliance;general;329;91;579,13;17346840,0;0,0284;0;Cluster A (Fast-Moving)
26563;Samsung Difficult 56502671;Samsung;Smart Home Appliance;general;319;67;1035,31;23270940,0;0,0328;2;Cluster C (Capital Traps)
26564;Lenovo Meet 57783314;Lenovo;Mobile Devices;general;3851;716;114,33;53407404,0;0,141;1;Cluster B (Routine)
