tanggal,Kategori_Garis,Kuantitas
2025-12-01,kuantitas_aktual_global,394
2025-12-02,kuantitas_aktual_global,267
2025-12-03,kuantitas_aktual_global,287
2025-12-04,kuantitas_aktual_global,328
2025-12-05,kuantitas_aktual_global,237
2025-12-06,kuantitas_aktual_global,302
2025-12-07,kuantitas_aktual_global,243
2025-12-08,kuantitas_aktual_global,321
2025-12-09,kuantitas_aktual_global,359
2025-12-10,kuantitas_aktual_global,204
2025-12-11,kuantitas_aktual_global,153
2025-12-12,kuantitas_aktual_global,213
2025-12-13,kuantitas_aktual_global,108
2025-12-14,kuantitas_aktual_global,343
2025-12-15,kuantitas_aktual_global,154
2025-12-16,kuantitas_aktual_global,123
2025-12-17,kuantitas_aktual_global,187
2025-12-18,kuantitas_aktual_global,216
2025-12-19,kuantitas_aktual_global,134
2025-12-20,kuantitas_aktual_global,207
2025-12-21,kuantitas_aktual_global,306
2025-12-22,kuantitas_aktual_global,206
2025-12-23,kuantitas_aktual_global,190
2025-12-24,kuantitas_aktual_global,311
2025-12-25,kuantitas_aktual_global,75
2025-12-26,kuantitas_aktual_global,135
2025-12-27,kuantitas_aktual_global,130
2025-12-28,kuantitas_aktual_global,96
2025-12-29,kuantitas_aktual_global,209
2025-12-30,kuantitas_aktual_global,281
2025-12-31,kuantitas_aktual_global,371
2025-12-01,prediksi_prophet,429
2025-12-02,prediksi_prophet,370
2025-12-03,prediksi_prophet,386
2025-12-04,prediksi_prophet,371
2025-12-05,prediksi_prophet,320
2025-12-06,prediksi_prophet,312
2025-12-07,prediksi_prophet,305
2025-12-08,prediksi_prophet,281
2025-12-09,prediksi_prophet,280
2025-12-10,prediksi_prophet,287
2025-12-11,prediksi_prophet,258
2025-12-12,prediksi_prophet,228
2025-12-13,prediksi_prophet,234
2025-12-14,prediksi_prophet,214
2025-12-15,prediksi_prophet,217
2025-12-16,prediksi_prophet,189
2025-12-17,prediksi_prophet,199
2025-12-18,prediksi_prophet,207
2025-12-19,prediksi_prophet,185
2025-12-20,prediksi_prophet,199
2025-12-21,prediksi_prophet,183
2025-12-22,prediksi_prophet,209
2025-12-23,prediksi_prophet,205
2025-12-24,prediksi_prophet,217
2025-12-25,prediksi_prophet,231
2025-12-26,prediksi_prophet,204
2025-12-27,prediksi_prophet,223
2025-12-28,prediksi_prophet,214
2025-12-29,prediksi_prophet,220
2025-12-30,prediksi_prophet,231
2025-12-31,prediksi_prophet,248
2025-12-01,prediksi_xgboost,268
2025-12-02,prediksi_xgboost,206
2025-12-03,prediksi_xgboost,273
2025-12-04,prediksi_xgboost,225
2025-12-05,prediksi_xgboost,180
2025-12-06,prediksi_xgboost,266
2025-12-07,prediksi_xgboost,207
2025-12-08,prediksi_xgboost,328
2025-12-09,prediksi_xgboost,199
2025-12-10,prediksi_xgboost,215
2025-12-11,prediksi_xgboost,233
2025-12-12,prediksi_xgboost,231
2025-12-13,prediksi_xgboost,315
2025-12-14,prediksi_xgboost,217
2025-12-15,prediksi_xgboost,224
2025-12-16,prediksi_xgboost,227
2025-12-17,prediksi_xgboost,180
2025-12-18,prediksi_xgboost,240
2025-12-19,prediksi_xgboost,235
2025-12-20,prediksi_xgboost,247
2025-12-21,prediksi_xgboost,204
2025-12-22,prediksi_xgboost,243
2025-12-23,prediksi_xgboost,230
2025-12-24,prediksi_xgboost,214
2025-12-25,prediksi_xgboost,237
2025-12-26,prediksi_xgboost,201
2025-12-27,prediksi_xgboost,209
2025-12-28,prediksi_xgboost,174
2025-12-29,prediksi_xgboost,230
2025-12-30,prediksi_xgboost,238
2025-12-31,prediksi_xgboost,231
2025-12-01,prediksi_sarimax,442
2025-12-02,prediksi_sarimax,397
2025-12-03,prediksi_sarimax,311
2025-12-04,prediksi_sarimax,320
2025-12-05,prediksi_sarimax,326
2025-12-06,prediksi_sarimax,263
2025-12-07,prediksi_sarimax,266
2025-12-08,prediksi_sarimax,251
2025-12-09,prediksi_sarimax,268
2025-12-10,prediksi_sarimax,319
2025-12-11,prediksi_sarimax,249
2025-12-12,prediksi_sarimax,211
2025-12-13,prediksi_sarimax,237
2025-12-14,prediksi_sarimax,205
2025-12-15,prediksi_sarimax,266
2025-12-16,prediksi_sarimax,200
2025-12-17,prediksi_sarimax,174
2025-12-18,prediksi_sarimax,212
2025-12-19,prediksi_sarimax,221
2025-12-20,prediksi_sarimax,199
2025-12-21,prediksi_sarimax,190
2025-12-22,prediksi_sarimax,259
2025-12-23,prediksi_sarimax,226
2025-12-24,prediksi_sarimax,221
2025-12-25,prediksi_sarimax,269
2025-12-26,prediksi_sarimax,182
2025-12-27,prediksi_sarimax,198
2025-12-28,prediksi_sarimax,178
2025-12-29,prediksi_sarimax,164
2025-12-30,prediksi_sarimax,207
2025-12-31,prediksi_sarimax,214
