tanggal,kuantitas_aktual_global,prediksi_prophet,prediksi_xgboost,prediksi_sarimax
2025-12-01,394,429.32306383808174,268.13873,441.51569788915555
2025-12-02,267,369.73517238792965,205.91566,397.188678311286
2025-12-03,287,385.87896355801263,273.24414,311.2048387988432
2025-12-04,328,370.6915045977364,224.91006,320.1841805811455
2025-12-05,237,320.44596040857084,179.51016,325.5233724488388
2025-12-06,302,311.9114216552715,265.6628,263.3549566266113
2025-12-07,243,304.6994719906634,207.2187,266.298089677129
2025-12-08,321,280.9094344841996,327.65945,250.7572166282441
2025-12-09,359,279.87712804978617,199.42992,268.18629869927855
2025-12-10,204,287.0295668370363,214.64693,319.2152876051977
2025-12-11,153,258.31228442275983,233.41003,249.34023924519883
2025-12-12,213,228.23343155798443,231.05705,210.95687685161778
2025-12-13,108,234.25877447924321,315.46893,236.6401451238294
2025-12-14,343,214.18103108490584,216.82567,204.80550882686208
2025-12-15,154,217.459039565513,223.5233,266.1743698143954
2025-12-16,123,188.9238457438767,227.05061,199.72957820681302
2025-12-17,187,198.59040422376796,180.43668,173.85516557500372
2025-12-18,216,207.00810923076864,239.63031,212.15047882578
2025-12-19,134,185.38127160054546,235.3522,221.11511643595887
2025-12-20,207,198.5394533230022,246.73656,199.20068792960038
2025-12-21,306,182.6427179515906,204.44371,190.06765040276085
2025-12-22,206,208.81438064243773,243.1445,258.601778438124
2025-12-23,190,204.63784482491363,229.71156,226.2374360431931
2025-12-24,311,216.99610017008453,214.49104,221.4064858123418
2025-12-25,75,231.31007629418374,237.36821,269.30914842759444
2025-12-26,135,204.00087825810436,200.72197,181.61375536074274
2025-12-27,130,222.66331468502585,208.63971,197.69363216578208
2025-12-28,96,213.56400455302065,174.25491,177.90146997222342
2025-12-29,209,220.46808799686,229.63367,164.21839625045172
2025-12-30,281,230.69343508473168,238.40831,206.88914077143133
2025-12-31,371,247.70012734324848,231.38077,214.15981991853306
